Disease_ID,Disease,Disease_Type,Causative_Agent,Main_Animals_Affected,Transmission_or_Risk_Factors,Key_Properties_and_Signs,Treatment_or_Control,Prevention_Methods,Zoonotic_Risk,SADC_2011_Outbreaks,SADC_2011_Cases,SADC_2011_Deaths,SADC_2011_Destroyed,SADC_2011_Slaughtered,SADC_Yearbook_Source,Reference_and_Data_Notes,Botswana_Wildlife_Context_Species,Wildlife_Population_Context,Wildlife_Digest_2014_Source_and_Limitation
1,Actinomycosis,Bacterial,Actinomyces bovis,Cattle; occasionally other mammals,Normal oral bacteria enter through wounds caused by coarse feed or damaged teeth,Chronic hard swelling of the jaw; draining tracts; difficulty eating,"Early, prolonged veterinary antimicrobial treatment; iodide therapy or surgery may be used in selected cases",Reduce oral injuries; provide safe feed; identify and treat early,Low/rare,11,12,1,,,Annex p.57,"Clinical summaries: WOAH Animal Diseases portal: https://www.woah.org/en/what-we-do/animal-health-and-welfare/animal-diseases/; MSD Veterinary Manual: https://www.msdvetmanual.com/. Historical figures are transcribed from the SADC annex as printed. Blank numeric fields represent a dash in the source, which does not distinguish zero from not reported. Treatment is a general control summary, not a prescription; veterinary and national animal-health guidance takes precedence.",,,"No direct wildlife-host context was added for this disease. Statistics Botswana, Environment Statistics: Wildlife Digest 2014, species list and Table 1.2a (pp.10-11); white rhino context from Table 2.1 (pp.32-33). Context only: the digest reports wildlife populations, densities, poaching and fish statistics, not disease occurrence, causes, treatment or disease-specific mortality."
2,African horse sickness,Viral; vector-borne,"African horse sickness virus, an Orbivirus","Horses, mules, donkeys and zebras; horses are most severely affected",Culicoides biting midges; seasonal vector activity and animal movement,Acute fever; respiratory distress; facial or lung oedema; cardiac signs; high mortality in horses,No specific antiviral cure; intensive supportive care and official movement/vector controls,Vaccination under official programmes in endemic areas; stable animals during peak vector activity; insect control and movement restrictions,No,745,1302,525,2,,"Annex p.57; Section 5.1, pp.11-13","Clinical summaries: WOAH Animal Diseases portal: https://www.woah.org/en/what-we-do/animal-health-and-welfare/animal-diseases/; MSD Veterinary Manual: https://www.msdvetmanual.com/. Historical figures are transcribed from the SADC annex as printed. Blank numeric fields represent a dash in the source, which does not distinguish zero from not reported. Treatment is a general control summary, not a prescription; veterinary and national animal-health guidance takes precedence.",Zebra,"Zebra: 99,077 (2012 countrywide estimate)","Statistics Botswana, Environment Statistics: Wildlife Digest 2014, species list and Table 1.2a (pp.10-11); white rhino context from Table 2.1 (pp.32-33). Context only: the digest reports wildlife populations, densities, poaching and fish statistics, not disease occurrence, causes, treatment or disease-specific mortality."
3,African swine fever,Viral,"African swine fever virus, family Asfarviridae",Domestic pigs and wild suids,Direct contact; infected pork or swill; carcasses; fomites; some soft ticks,High fever; skin reddening; haemorrhage; weakness; sudden death; very high case fatality in virulent outbreaks,"No routine curative treatment; isolate and report immediately; official culling, tracing and movement controls may be required",Strict farm biosecurity; safe feed and swill controls; carcass disposal; cleaning; prevent contact with wild pigs; follow current official vaccine policy,No,171,152503,139820,987,9710,"Annex p.57; Section 5.2, pp.13-15","Clinical summaries: WOAH Animal Diseases portal: https://www.woah.org/en/what-we-do/animal-health-and-welfare/animal-diseases/; MSD Veterinary Manual: https://www.msdvetmanual.com/. Historical figures are transcribed from the SADC annex as printed. Blank numeric fields represent a dash in the source, which does not distinguish zero from not reported. Treatment is a general control summary, not a prescription; veterinary and national animal-health guidance takes precedence.",Warthog,"Warthog: 7,026 (2012 countrywide estimate)","Statistics Botswana, Environment Statistics: Wildlife Digest 2014, species list and Table 1.2a (pp.10-11); white rhino context from Table 2.1 (pp.32-33). Context only: the digest reports wildlife populations, densities, poaching and fish statistics, not disease occurrence, causes, treatment or disease-specific mortality."
4,Anthrax,Bacterial; spore-forming,Bacillus anthracis,"Herbivores, especially cattle, sheep, goats and wildlife; humans can be infected","Ingestion or inhalation of long-lived spores; contaminated soil, carcasses or animal products",Sudden death; fever; dark unclotted blood from body openings; rapidly decomposing carcass,Early veterinary antibiotics may work before advanced disease; do not open suspect carcasses; quarantine and dispose of carcasses under official direction,Vaccinate in endemic areas; avoid disturbing carcasses; disinfect contaminated materials; control access to contaminated sites,Yes,68,550,567,,,"Annex p.57; Section 6.2, pp.34-36","Clinical summaries: WOAH Animal Diseases portal: https://www.woah.org/en/what-we-do/animal-health-and-welfare/animal-diseases/; MSD Veterinary Manual: https://www.msdvetmanual.com/. Historical figures are transcribed from the SADC annex as printed. Blank numeric fields represent a dash in the source, which does not distinguish zero from not reported. Treatment is a general control summary, not a prescription; veterinary and national animal-health guidance takes precedence. The annex death figure exceeds cases and differs from the narrative mortality calculation; it is retained exactly as printed.",Buffalo; Elephant; Hippo; Kudu; Eland; Wildebeest; Zebra; Gemsbok; Impala; Lechwe,"Buffalo: 61,105 (2012 countrywide estimate); Elephant: 207,545 (2012 countrywide estimate); Hippo: 3,633 (2012 countrywide estimate); Kudu: 23,038 (2012 countrywide estimate); Eland: 34,735 (2012 countrywide estimate); Wildebeest: 53,159 (2012 countrywide estimate); Zebra: 99,077 (2012 countrywide estimate); Gemsbok: 133,249 (2012 countrywide estimate); Impala: 114,900 (2012 countrywide estimate); Lechwe: 26,322 (2012 countrywide estimate)","Statistics Botswana, Environment Statistics: Wildlife Digest 2014, species list and Table 1.2a (pp.10-11); white rhino context from Table 2.1 (pp.32-33). Context only: the digest reports wildlife populations, densities, poaching and fish statistics, not disease occurrence, causes, treatment or disease-specific mortality."
5,Avian chlamydiosis,Bacterial,Chlamydia psittaci,Domestic and wild birds; humans,"Inhalation of contaminated feather dust, respiratory secretions or dried droppings",Respiratory disease; conjunctivitis; diarrhoea; poor condition; some birds remain carriers,Prolonged veterinary tetracycline-class treatment and supportive care; manage exposed birds as a flock,Quarantine and test new birds; ventilation and hygiene; wet cleaning to reduce dust; PPE for handlers,Yes,1,13,,,,Annex p.57,"Clinical summaries: WOAH Animal Diseases portal: https://www.woah.org/en/what-we-do/animal-health-and-welfare/animal-diseases/; MSD Veterinary Manual: https://www.msdvetmanual.com/. Historical figures are transcribed from the SADC annex as printed. Blank numeric fields represent a dash in the source, which does not distinguish zero from not reported. Treatment is a general control summary, not a prescription; veterinary and national animal-health guidance takes precedence.",Ostrich,"Ostrich: 55,916 (2012 countrywide estimate)","Statistics Botswana, Environment Statistics: Wildlife Digest 2014, species list and Table 1.2a (pp.10-11); white rhino context from Table 2.1 (pp.32-33). Context only: the digest reports wildlife populations, densities, poaching and fish statistics, not disease occurrence, causes, treatment or disease-specific mortality."
6,Avian infectious bronchitis,Viral,"Infectious bronchitis virus, an avian coronavirus",Chickens,"Highly contagious aerosols, direct contact and contaminated equipment",Coughing and nasal discharge; reduced growth; egg drop and poor shell quality; some strains damage kidneys,No specific antiviral cure; supportive care and treatment of confirmed secondary bacterial infections,"Vaccination with locally appropriate strains; all-in/all-out management; ventilation, cleaning and biosecurity",No,7,147,25,85,,Annex p.57,"Clinical summaries: WOAH Animal Diseases portal: https://www.woah.org/en/what-we-do/animal-health-and-welfare/animal-diseases/; MSD Veterinary Manual: https://www.msdvetmanual.com/. Historical figures are transcribed from the SADC annex as printed. Blank numeric fields represent a dash in the source, which does not distinguish zero from not reported. Treatment is a general control summary, not a prescription; veterinary and national animal-health guidance takes precedence.",,,"No direct wildlife-host context was added for this disease. Statistics Botswana, Environment Statistics: Wildlife Digest 2014, species list and Table 1.2a (pp.10-11); white rhino context from Table 2.1 (pp.32-33). Context only: the digest reports wildlife populations, densities, poaching and fish statistics, not disease occurrence, causes, treatment or disease-specific mortality."
7,Avian salmonellosis,Bacterial,"Salmonella species affecting poultry, including host-adapted and paratyphoid strains",Poultry; some strains infect humans,"Faecal-oral spread; contaminated feed, water and hatcheries; vertical transmission for some strains",Weak chicks; diarrhoea; septicaemia; poor hatchability; mortality; carrier birds,Supportive care and susceptibility-guided veterinary antimicrobials only when justified; eradication programmes often remove carrier flocks,Clean breeder stock and hatcheries; rodent control; feed and water hygiene; testing and vaccination where appropriate,Yes for many non-host-adapted strains,6,1492,185,,,Annex p.57,"Clinical summaries: WOAH Animal Diseases portal: https://www.woah.org/en/what-we-do/animal-health-and-welfare/animal-diseases/; MSD Veterinary Manual: https://www.msdvetmanual.com/. Historical figures are transcribed from the SADC annex as printed. Blank numeric fields represent a dash in the source, which does not distinguish zero from not reported. Treatment is a general control summary, not a prescription; veterinary and national animal-health guidance takes precedence.",Ostrich,"Ostrich: 55,916 (2012 countrywide estimate)","Statistics Botswana, Environment Statistics: Wildlife Digest 2014, species list and Table 1.2a (pp.10-11); white rhino context from Table 2.1 (pp.32-33). Context only: the digest reports wildlife populations, densities, poaching and fish statistics, not disease occurrence, causes, treatment or disease-specific mortality."
8,Avian tuberculosis,Bacterial,Mycobacterium avium complex,"Poultry, captive birds and wild birds","Ingestion of organisms from contaminated soil, litter, faeces or carcasses; long environmental survival",Chronic wasting; weakness; reduced production; enlarged organs and granulomas,No practical flock-level cure; affected birds are normally removed and the environment managed,Prevent contact with contaminated soil and old poultry yards; sanitation; all-in/all-out systems; depopulation of persistently infected flocks,"Potential, mainly for immunocompromised people",1,3,1,,,Annex p.57,"Clinical summaries: WOAH Animal Diseases portal: https://www.woah.org/en/what-we-do/animal-health-and-welfare/animal-diseases/; MSD Veterinary Manual: https://www.msdvetmanual.com/. Historical figures are transcribed from the SADC annex as printed. Blank numeric fields represent a dash in the source, which does not distinguish zero from not reported. Treatment is a general control summary, not a prescription; veterinary and national animal-health guidance takes precedence.",Ostrich,"Ostrich: 55,916 (2012 countrywide estimate)","Statistics Botswana, Environment Statistics: Wildlife Digest 2014, species list and Table 1.2a (pp.10-11); white rhino context from Table 2.1 (pp.32-33). Context only: the digest reports wildlife populations, densities, poaching and fish statistics, not disease occurrence, causes, treatment or disease-specific mortality."
9,Blackleg,Bacterial; clostridial,Clostridium chauvoei,"Young, rapidly growing cattle; sheep can be affected",Spores are ingested and lodge in muscle; tissue injury can trigger toxin production,Sudden death; fever; severe lameness; hot painful muscle swelling that becomes gas-filled and cold,"Very early high-dose veterinary antibiotics and supportive care may help, but cases are often found dead",Routine clostridial vaccination; safe carcass disposal; prompt booster vaccination after local outbreaks,No,463,3908,968,4,6,"Annex p.57; Section 7.1, pp.41-42","Clinical summaries: WOAH Animal Diseases portal: https://www.woah.org/en/what-we-do/animal-health-and-welfare/animal-diseases/; MSD Veterinary Manual: https://www.msdvetmanual.com/. Historical figures are transcribed from the SADC annex as printed. Blank numeric fields represent a dash in the source, which does not distinguish zero from not reported. Treatment is a general control summary, not a prescription; veterinary and national animal-health guidance takes precedence.",Buffalo; Eland; Kudu; Wildebeest,"Buffalo: 61,105 (2012 countrywide estimate); Eland: 34,735 (2012 countrywide estimate); Kudu: 23,038 (2012 countrywide estimate); Wildebeest: 53,159 (2012 countrywide estimate)","Statistics Botswana, Environment Statistics: Wildlife Digest 2014, species list and Table 1.2a (pp.10-11); white rhino context from Table 2.1 (pp.32-33). Context only: the digest reports wildlife populations, densities, poaching and fish statistics, not disease occurrence, causes, treatment or disease-specific mortality."
10,Bluetongue,Viral; vector-borne,"Bluetongue virus, an Orbivirus",Ruminants; clinical disease is usually most severe in sheep,Culicoides biting midges; risk rises with vector abundance and movement of infected animals,Fever; facial swelling; mouth lesions; salivation; lameness; reproductive loss; cattle may be subclinical reservoirs,"No specific antiviral cure; supportive care, shade, soft feed and management of complications",Vector control; movement controls; serotype-matched vaccination where authorised,No,70,1405,478,21,,"Annex p.57; Section 5.3, pp.16-17","Clinical summaries: WOAH Animal Diseases portal: https://www.woah.org/en/what-we-do/animal-health-and-welfare/animal-diseases/; MSD Veterinary Manual: https://www.msdvetmanual.com/. Historical figures are transcribed from the SADC annex as printed. Blank numeric fields represent a dash in the source, which does not distinguish zero from not reported. Treatment is a general control summary, not a prescription; veterinary and national animal-health guidance takes precedence.",Eland; Kudu; Wildebeest; Gemsbok; Impala; Lechwe; Springbok; Hartebeest,"Eland: 34,735 (2012 countrywide estimate); Kudu: 23,038 (2012 countrywide estimate); Wildebeest: 53,159 (2012 countrywide estimate); Gemsbok: 133,249 (2012 countrywide estimate); Impala: 114,900 (2012 countrywide estimate); Lechwe: 26,322 (2012 countrywide estimate); Springbok: 35,688 (2012 countrywide estimate); Hartebeest: 62,569 (2012 countrywide estimate)","Statistics Botswana, Environment Statistics: Wildlife Digest 2014, species list and Table 1.2a (pp.10-11); white rhino context from Table 2.1 (pp.32-33). Context only: the digest reports wildlife populations, densities, poaching and fish statistics, not disease occurrence, causes, treatment or disease-specific mortality."
11,Botulism,Bacterial toxin,Neurotoxins produced by Clostridium botulinum,"Cattle, sheep, goats, horses, poultry and wildlife","Ingestion of preformed toxin in spoiled feed, carrion, bones or contaminated water",Progressive flaccid paralysis; weak tongue; difficulty swallowing; recumbency; respiratory failure,Type-appropriate antitoxin as early as possible plus intensive supportive care; remove the toxin source,Carcass and bone removal; feed and water hygiene; prevent silage contamination; vaccination in recognised risk areas,Not usually transmitted from animals; contaminated food can poison humans,39,76,39,,,Annex p.57,"Clinical summaries: WOAH Animal Diseases portal: https://www.woah.org/en/what-we-do/animal-health-and-welfare/animal-diseases/; MSD Veterinary Manual: https://www.msdvetmanual.com/. Historical figures are transcribed from the SADC annex as printed. Blank numeric fields represent a dash in the source, which does not distinguish zero from not reported. Treatment is a general control summary, not a prescription; veterinary and national animal-health guidance takes precedence.",Ostrich,"Ostrich: 55,916 (2012 countrywide estimate)","Statistics Botswana, Environment Statistics: Wildlife Digest 2014, species list and Table 1.2a (pp.10-11); white rhino context from Table 2.1 (pp.32-33). Context only: the digest reports wildlife populations, densities, poaching and fish statistics, not disease occurrence, causes, treatment or disease-specific mortality."
12,Bovine anaplasmosis,Bacterial; vector-borne,Anaplasma marginale,Cattle and some wild ruminants,"Ticks; biting flies; blood-contaminated needles, instruments or dehorning equipment",Fever; severe anaemia; jaundice; weakness; abortions; older cattle often have more severe disease,Veterinary tetracycline-class therapy; blood transfusion and supportive care for severe anaemia,Tick and biting-fly control; single-use or disinfected equipment; vaccination where licensed; manage carrier introductions,No,869,4348,840,,1,"Annex p.57; Section 7.2, pp.43-44","Clinical summaries: WOAH Animal Diseases portal: https://www.woah.org/en/what-we-do/animal-health-and-welfare/animal-diseases/; MSD Veterinary Manual: https://www.msdvetmanual.com/. Historical figures are transcribed from the SADC annex as printed. Blank numeric fields represent a dash in the source, which does not distinguish zero from not reported. Treatment is a general control summary, not a prescription; veterinary and national animal-health guidance takes precedence.",Buffalo; Eland; Kudu; Wildebeest,"Buffalo: 61,105 (2012 countrywide estimate); Eland: 34,735 (2012 countrywide estimate); Kudu: 23,038 (2012 countrywide estimate); Wildebeest: 53,159 (2012 countrywide estimate)","Statistics Botswana, Environment Statistics: Wildlife Digest 2014, species list and Table 1.2a (pp.10-11); white rhino context from Table 2.1 (pp.32-33). Context only: the digest reports wildlife populations, densities, poaching and fish statistics, not disease occurrence, causes, treatment or disease-specific mortality."
13,Bovine babesiosis,Protozoal; vector-borne,Babesia bovis and Babesia bigemina,Cattle,Rhipicephalus ticks; occasionally blood-contaminated equipment,High fever; haemolytic anaemia; jaundice; red urine; Babesia bovis may cause nervous signs,Veterinary babesicidal drugs and supportive care; blood transfusion may be required,Integrated tick control; vaccination in endemic areas where available; inspect and quarantine introduced cattle,No,416,1136,216,1,,"Annex p.57; Section 7.3, pp.45-46","Clinical summaries: WOAH Animal Diseases portal: https://www.woah.org/en/what-we-do/animal-health-and-welfare/animal-diseases/; MSD Veterinary Manual: https://www.msdvetmanual.com/. Historical figures are transcribed from the SADC annex as printed. Blank numeric fields represent a dash in the source, which does not distinguish zero from not reported. Treatment is a general control summary, not a prescription; veterinary and national animal-health guidance takes precedence.",Buffalo,"Buffalo: 61,105 (2012 countrywide estimate)","Statistics Botswana, Environment Statistics: Wildlife Digest 2014, species list and Table 1.2a (pp.10-11); white rhino context from Table 2.1 (pp.32-33). Context only: the digest reports wildlife populations, densities, poaching and fish statistics, not disease occurrence, causes, treatment or disease-specific mortality."
14,Bovine brucellosis,Bacterial,Brucella abortus,Cattle; humans,"Contact with aborted fetuses, placenta, uterine fluids or milk; contaminated premises",Late-term abortion; retained placenta; infertility; weak calves; orchitis in bulls,"No recommended herd-level cure in control programmes; test, segregate and remove infected animals according to law",Vaccination under official programmes; test-and-control; biosecure calving; safe disposal of reproductive waste; pasteurise milk,Yes,660,6405,89,1063,301,"Annex p.57; Section 6.3, pp.36-38","Clinical summaries: WOAH Animal Diseases portal: https://www.woah.org/en/what-we-do/animal-health-and-welfare/animal-diseases/; MSD Veterinary Manual: https://www.msdvetmanual.com/. Historical figures are transcribed from the SADC annex as printed. Blank numeric fields represent a dash in the source, which does not distinguish zero from not reported. Treatment is a general control summary, not a prescription; veterinary and national animal-health guidance takes precedence.",Buffalo,"Buffalo: 61,105 (2012 countrywide estimate)","Statistics Botswana, Environment Statistics: Wildlife Digest 2014, species list and Table 1.2a (pp.10-11); white rhino context from Table 2.1 (pp.32-33). Context only: the digest reports wildlife populations, densities, poaching and fish statistics, not disease occurrence, causes, treatment or disease-specific mortality."
15,Bovine cysticercosis,Parasitic; cestode larval infection,Taenia saginata cysticerci,Cattle are intermediate hosts; humans carry the adult tapeworm,"Cattle ingest eggs from human faecal contamination of pasture, feed or water",Usually no obvious signs in cattle; cysts in muscle lead to carcass condemnation or treatment,No routine practical herd treatment; manage affected carcasses through regulated meat inspection,Sanitation and sewage control; prevent farm-worker defecation on pasture; meat inspection; thoroughly cook or freeze beef as required,Yes,210,5696,1,5391,2733,Annex p.57,"Clinical summaries: WOAH Animal Diseases portal: https://www.woah.org/en/what-we-do/animal-health-and-welfare/animal-diseases/; MSD Veterinary Manual: https://www.msdvetmanual.com/. Historical figures are transcribed from the SADC annex as printed. Blank numeric fields represent a dash in the source, which does not distinguish zero from not reported. Treatment is a general control summary, not a prescription; veterinary and national animal-health guidance takes precedence.",,,"No direct wildlife-host context was added for this disease. Statistics Botswana, Environment Statistics: Wildlife Digest 2014, species list and Table 1.2a (pp.10-11); white rhino context from Table 2.1 (pp.32-33). Context only: the digest reports wildlife populations, densities, poaching and fish statistics, not disease occurrence, causes, treatment or disease-specific mortality."
16,Bovine genital campylobacteriosis,Bacterial; venereal,Campylobacter fetus subsp. venerealis,Cattle,Natural service by infected carrier bulls; contaminated semen or breeding equipment,Infertility; repeat breeding; early embryonic loss; occasional abortion; bulls are usually asymptomatic,Veterinary treatment may be attempted in valuable bulls but control commonly relies on removing carriers,Use artificial insemination with certified semen; test breeding bulls; vaccinate where available; maintain closed breeding groups,No,19,36,1,,,Annex p.57,"Clinical summaries: WOAH Animal Diseases portal: https://www.woah.org/en/what-we-do/animal-health-and-welfare/animal-diseases/; MSD Veterinary Manual: https://www.msdvetmanual.com/. Historical figures are transcribed from the SADC annex as printed. Blank numeric fields represent a dash in the source, which does not distinguish zero from not reported. Treatment is a general control summary, not a prescription; veterinary and national animal-health guidance takes precedence.",,,"No direct wildlife-host context was added for this disease. Statistics Botswana, Environment Statistics: Wildlife Digest 2014, species list and Table 1.2a (pp.10-11); white rhino context from Table 2.1 (pp.32-33). Context only: the digest reports wildlife populations, densities, poaching and fish statistics, not disease occurrence, causes, treatment or disease-specific mortality."
17,Bovine tuberculosis,Bacterial,Mycobacterium bovis,"Cattle, wildlife and many mammals; humans",Aerosols and close contact; unpasteurised milk; contaminated feed or wildlife-livestock contact,Often chronic or subclinical; cough; enlarged lymph nodes; weight loss; granulomas,No livestock treatment in eradication programmes; test and remove infected animals under official control,Surveillance testing; movement controls; slaughter inspection; pasteurisation; manage wildlife interfaces and farm biosecurity,Yes,147,4128,39,81,1236,"Annex p.57; Section 6.4, pp.38-40","Clinical summaries: WOAH Animal Diseases portal: https://www.woah.org/en/what-we-do/animal-health-and-welfare/animal-diseases/; MSD Veterinary Manual: https://www.msdvetmanual.com/. Historical figures are transcribed from the SADC annex as printed. Blank numeric fields represent a dash in the source, which does not distinguish zero from not reported. Treatment is a general control summary, not a prescription; veterinary and national animal-health guidance takes precedence.",Buffalo,"Buffalo: 61,105 (2012 countrywide estimate)","Statistics Botswana, Environment Statistics: Wildlife Digest 2014, species list and Table 1.2a (pp.10-11); white rhino context from Table 2.1 (pp.32-33). Context only: the digest reports wildlife populations, densities, poaching and fish statistics, not disease occurrence, causes, treatment or disease-specific mortality."
18,Canine distemper,Viral,"Canine distemper virus, a morbillivirus",Dogs and wild carnivores,Respiratory droplets and contact with secretions; spread is greatest among unvaccinated animals,Fever; nasal and eye discharge; cough; diarrhoea; hard pads; seizures and other neurological signs,"No specific antiviral cure; isolation, fluids, nutrition, seizure control and treatment of secondary infection",Core vaccination; isolate cases; quarantine susceptible contacts; disinfect shared equipment,No,105,470,91,,,"Annex p.57; Section 7.5, pp.49-50","Clinical summaries: WOAH Animal Diseases portal: https://www.woah.org/en/what-we-do/animal-health-and-welfare/animal-diseases/; MSD Veterinary Manual: https://www.msdvetmanual.com/. Historical figures are transcribed from the SADC annex as printed. Blank numeric fields represent a dash in the source, which does not distinguish zero from not reported. Treatment is a general control summary, not a prescription; veterinary and national animal-health guidance takes precedence.",Wild dog; Lion; Spotted Hyaena; Brown Hyaena; Jackal,Wild dog: No 2012 countrywide estimate reported in Table 1.2a; Lion: No 2012 countrywide estimate reported in Table 1.2a; Spotted Hyaena: No 2012 countrywide estimate reported in Table 1.2a; Brown Hyaena: No 2012 countrywide estimate reported in Table 1.2a; Jackal: No 2012 countrywide estimate reported in Table 1.2a,"Statistics Botswana, Environment Statistics: Wildlife Digest 2014, species list and Table 1.2a (pp.10-11); white rhino context from Table 2.1 (pp.32-33). Context only: the digest reports wildlife populations, densities, poaching and fish statistics, not disease occurrence, causes, treatment or disease-specific mortality."
19,Caprine and ovine brucellosis,Bacterial,Brucella melitensis,Sheep and goats; humans,Contact with abortion materials and birth fluids; milk; contaminated pens and equipment,Late abortion; retained placenta; infertility; weak young; orchitis,"No dependable flock cure; official programmes use testing, segregation and removal",Rev.1 vaccination where officially used; quarantine and test replacements; isolate aborters; PPE and safe disposal; pasteurise milk,Yes,2,9,,,,Annex p.57,"Clinical summaries: WOAH Animal Diseases portal: https://www.woah.org/en/what-we-do/animal-health-and-welfare/animal-diseases/; MSD Veterinary Manual: https://www.msdvetmanual.com/. Historical figures are transcribed from the SADC annex as printed. Blank numeric fields represent a dash in the source, which does not distinguish zero from not reported. Treatment is a general control summary, not a prescription; veterinary and national animal-health guidance takes precedence.",,,"No direct wildlife-host context was added for this disease. Statistics Botswana, Environment Statistics: Wildlife Digest 2014, species list and Table 1.2a (pp.10-11); white rhino context from Table 2.1 (pp.32-33). Context only: the digest reports wildlife populations, densities, poaching and fish statistics, not disease occurrence, causes, treatment or disease-specific mortality."
20,Coccidiosis,Protozoal,Eimeria species; host-specific species predominate,"Young calves, lambs, kids, poultry and other animals","Faecal-oral ingestion of sporulated oocysts; crowding, wet bedding and stress increase risk","Diarrhoea, sometimes bloody; straining; dehydration; poor growth; mortality in severe outbreaks",Species-appropriate anticoccidial treatment and fluid/supportive care under veterinary guidance,Dry clean housing; reduce crowding; separate age groups; hygiene of feeders and drinkers; strategic coccidiostats or vaccination where applicable,No,173,2380,479,10,,Annex p.57,"Clinical summaries: WOAH Animal Diseases portal: https://www.woah.org/en/what-we-do/animal-health-and-welfare/animal-diseases/; MSD Veterinary Manual: https://www.msdvetmanual.com/. Historical figures are transcribed from the SADC annex as printed. Blank numeric fields represent a dash in the source, which does not distinguish zero from not reported. Treatment is a general control summary, not a prescription; veterinary and national animal-health guidance takes precedence.",,,"No direct wildlife-host context was added for this disease. Statistics Botswana, Environment Statistics: Wildlife Digest 2014, species list and Table 1.2a (pp.10-11); white rhino context from Table 2.1 (pp.32-33). Context only: the digest reports wildlife populations, densities, poaching and fish statistics, not disease occurrence, causes, treatment or disease-specific mortality."
21,Contagious agalactia,Bacterial; mycoplasmal,Mainly Mycoplasma agalactiae; related mycoplasmas may cause a similar syndrome,Sheep and goats,"Milk, direct contact, respiratory and ocular secretions; carrier animals",Mastitis with reduced milk; arthritis; keratoconjunctivitis; occasional pneumonia,Veterinary antimicrobials may reduce signs but may not eliminate carriers; chronic cases may be culled,Quarantine and test replacements; milking hygiene; separate affected animals; vaccination where locally available,No,6,8,,,,Annex p.57,"Clinical summaries: WOAH Animal Diseases portal: https://www.woah.org/en/what-we-do/animal-health-and-welfare/animal-diseases/; MSD Veterinary Manual: https://www.msdvetmanual.com/. Historical figures are transcribed from the SADC annex as printed. Blank numeric fields represent a dash in the source, which does not distinguish zero from not reported. Treatment is a general control summary, not a prescription; veterinary and national animal-health guidance takes precedence.",,,"No direct wildlife-host context was added for this disease. Statistics Botswana, Environment Statistics: Wildlife Digest 2014, species list and Table 1.2a (pp.10-11); white rhino context from Table 2.1 (pp.32-33). Context only: the digest reports wildlife populations, densities, poaching and fish statistics, not disease occurrence, causes, treatment or disease-specific mortality."
22,Contagious bovine pleuropneumonia,Bacterial; mycoplasmal,Mycoplasma mycoides subsp. mycoides,Cattle,Close-contact respiratory droplets; movement of infected or carrier cattle,Fever; painful breathing; cough; severe fibrinous pneumonia and pleurisy; chronic lung sequestra,"Follow official policy; antimicrobial treatment can mask disease and leave carriers, so outbreak control may require culling",Vaccination in endemic control programmes; surveillance; quarantine; movement control; rapid reporting,No,104,10230,1076,22,1503,"Annex p.57; Section 5.4, pp.18-19","Clinical summaries: WOAH Animal Diseases portal: https://www.woah.org/en/what-we-do/animal-health-and-welfare/animal-diseases/; MSD Veterinary Manual: https://www.msdvetmanual.com/. Historical figures are transcribed from the SADC annex as printed. Blank numeric fields represent a dash in the source, which does not distinguish zero from not reported. Treatment is a general control summary, not a prescription; veterinary and national animal-health guidance takes precedence.",,,"No direct wildlife-host context was added for this disease. Statistics Botswana, Environment Statistics: Wildlife Digest 2014, species list and Table 1.2a (pp.10-11); white rhino context from Table 2.1 (pp.32-33). Context only: the digest reports wildlife populations, densities, poaching and fish statistics, not disease occurrence, causes, treatment or disease-specific mortality."
23,Contagious caprine pleuropneumonia,Bacterial; mycoplasmal,Mycoplasma capricolum subsp. capripneumoniae,Goats; occasionally wild caprines,Respiratory droplets during close contact and animal movement,High fever; painful breathing; cough; severe pleuropneumonia; high morbidity and mortality,Early veterinary antimicrobial treatment and supportive care; follow outbreak reporting requirements,Vaccination where available; quarantine and movement control; reduce crowding and mixing,No,8,223,35,,,Annex p.57,"Clinical summaries: WOAH Animal Diseases portal: https://www.woah.org/en/what-we-do/animal-health-and-welfare/animal-diseases/; MSD Veterinary Manual: https://www.msdvetmanual.com/. Historical figures are transcribed from the SADC annex as printed. Blank numeric fields represent a dash in the source, which does not distinguish zero from not reported. Treatment is a general control summary, not a prescription; veterinary and national animal-health guidance takes precedence.",,,"No direct wildlife-host context was added for this disease. Statistics Botswana, Environment Statistics: Wildlife Digest 2014, species list and Table 1.2a (pp.10-11); white rhino context from Table 2.1 (pp.32-33). Context only: the digest reports wildlife populations, densities, poaching and fish statistics, not disease occurrence, causes, treatment or disease-specific mortality."
24,Contagious equine metritis,Bacterial; venereal,Taylorella equigenitalis,Horses,"Natural breeding; contaminated semen, hands and breeding equipment; carrier mares and stallions",Temporary infertility; endometritis; vaginal discharge; many carrier stallions show no signs,Veterinary cleansing and topical or systemic antimicrobials; repeat testing is needed to confirm clearance,Pre-breeding testing; certified semen; strict breeding hygiene; quarantine and treatment of carriers,No,11,35,,,,Annex p.57,"Clinical summaries: WOAH Animal Diseases portal: https://www.woah.org/en/what-we-do/animal-health-and-welfare/animal-diseases/; MSD Veterinary Manual: https://www.msdvetmanual.com/. Historical figures are transcribed from the SADC annex as printed. Blank numeric fields represent a dash in the source, which does not distinguish zero from not reported. Treatment is a general control summary, not a prescription; veterinary and national animal-health guidance takes precedence.",,,"No direct wildlife-host context was added for this disease. Statistics Botswana, Environment Statistics: Wildlife Digest 2014, species list and Table 1.2a (pp.10-11); white rhino context from Table 2.1 (pp.32-33). Context only: the digest reports wildlife populations, densities, poaching and fish statistics, not disease occurrence, causes, treatment or disease-specific mortality."
25,Contagious ophthalmia,Bacterial syndrome,Commonly Moraxella bovis in cattle; Mycoplasma or Chlamydia-related agents in small ruminants,"Cattle, sheep and goats","Direct contact, flies, dust, ultraviolet light and ocular irritation",Tearing; eye pain; conjunctivitis; corneal opacity or ulceration; reduced grazing,Veterinary topical or systemic antimicrobials appropriate to species and cause; protect the eye and control pain,Fly control; reduce dust and eye injury; isolate cases; vaccination may help in selected cattle herds,No,146,374,5,,,Annex p.57,"Clinical summaries: WOAH Animal Diseases portal: https://www.woah.org/en/what-we-do/animal-health-and-welfare/animal-diseases/; MSD Veterinary Manual: https://www.msdvetmanual.com/. Historical figures are transcribed from the SADC annex as printed. Blank numeric fields represent a dash in the source, which does not distinguish zero from not reported. Treatment is a general control summary, not a prescription; veterinary and national animal-health guidance takes precedence. The annex uses a syndromic disease label; causative agents differ by animal species.",,,"No direct wildlife-host context was added for this disease. Statistics Botswana, Environment Statistics: Wildlife Digest 2014, species list and Table 1.2a (pp.10-11); white rhino context from Table 2.1 (pp.32-33). Context only: the digest reports wildlife populations, densities, poaching and fish statistics, not disease occurrence, causes, treatment or disease-specific mortality."
26,Contagious pustular dermatitis,Viral,"Orf virus, a Parapoxvirus",Sheep and goats; humans,Direct contact with scabs or contaminated equipment; virus persists in the environment,"Proliferative scabby lesions on lips, muzzle, teats or feet; young animals may struggle to suckle",Usually self-limiting; supportive care and veterinary treatment of secondary bacterial infection,Isolate affected animals; wear gloves; disinfect equipment; use live vaccine only on endemic premises under veterinary guidance,Yes,65,958,23,,,Annex p.57,"Clinical summaries: WOAH Animal Diseases portal: https://www.woah.org/en/what-we-do/animal-health-and-welfare/animal-diseases/; MSD Veterinary Manual: https://www.msdvetmanual.com/. Historical figures are transcribed from the SADC annex as printed. Blank numeric fields represent a dash in the source, which does not distinguish zero from not reported. Treatment is a general control summary, not a prescription; veterinary and national animal-health guidance takes precedence.",,,"No direct wildlife-host context was added for this disease. Statistics Botswana, Environment Statistics: Wildlife Digest 2014, species list and Table 1.2a (pp.10-11); white rhino context from Table 2.1 (pp.32-33). Context only: the digest reports wildlife populations, densities, poaching and fish statistics, not disease occurrence, causes, treatment or disease-specific mortality."
27,Corridor disease,Protozoal; tick-borne,Buffalo-derived Theileria parva,Cattle; African buffalo are the reservoir,Rhipicephalus appendiculatus ticks moving infection from buffalo to cattle,High fever; enlarged lymph nodes; respiratory distress; pulmonary oedema; often very high mortality,"Early veterinary antitheilerial treatment such as buparvaquone where available, plus supportive care",Tick control; manage buffalo-cattle contact; movement surveillance; infection-and-treatment immunisation only under specialist programmes,No,7,25,6,1,,Annex p.58,"Clinical summaries: WOAH Animal Diseases portal: https://www.woah.org/en/what-we-do/animal-health-and-welfare/animal-diseases/; MSD Veterinary Manual: https://www.msdvetmanual.com/. Historical figures are transcribed from the SADC annex as printed. Blank numeric fields represent a dash in the source, which does not distinguish zero from not reported. Treatment is a general control summary, not a prescription; veterinary and national animal-health guidance takes precedence.",Buffalo,"Buffalo: 61,105 (2012 countrywide estimate)","Statistics Botswana, Environment Statistics: Wildlife Digest 2014, species list and Table 1.2a (pp.10-11); white rhino context from Table 2.1 (pp.32-33). Context only: the digest reports wildlife populations, densities, poaching and fish statistics, not disease occurrence, causes, treatment or disease-specific mortality."
28,Dermatophilosis,Bacterial skin disease,Dermatophilus congolensis,"Cattle, sheep, goats, horses and wildlife","Prolonged wetting damages skin; direct contact, ticks and biting insects aid spread",Paintbrush-like crusts; matted hair or wool; painful moist dermatitis; reduced condition,Keep animals dry; remove crusts carefully; veterinary antibiotics for severe disease; control ectoparasites,Shelter from prolonged rain; tick control; isolate affected animals; disinfect grooming equipment,Rare,460,4623,233,15,1198,Annex p.58,"Clinical summaries: WOAH Animal Diseases portal: https://www.woah.org/en/what-we-do/animal-health-and-welfare/animal-diseases/; MSD Veterinary Manual: https://www.msdvetmanual.com/. Historical figures are transcribed from the SADC annex as printed. Blank numeric fields represent a dash in the source, which does not distinguish zero from not reported. Treatment is a general control summary, not a prescription; veterinary and national animal-health guidance takes precedence.",Buffalo; Giraffe; Eland; Kudu,"Buffalo: 61,105 (2012 countrywide estimate); Giraffe: 8,976 (2012 countrywide estimate); Eland: 34,735 (2012 countrywide estimate); Kudu: 23,038 (2012 countrywide estimate)","Statistics Botswana, Environment Statistics: Wildlife Digest 2014, species list and Table 1.2a (pp.10-11); white rhino context from Table 2.1 (pp.32-33). Context only: the digest reports wildlife populations, densities, poaching and fish statistics, not disease occurrence, causes, treatment or disease-specific mortality."
29,Distomatosis (liver fluke),Parasitic; trematode,Fasciola hepatica or Fasciola gigantica,Ruminants and other grazing mammals; humans can be infected,Animals ingest metacercariae on wet pasture; freshwater snails are intermediate hosts,Anaemia; bottle jaw; poor growth; reduced milk; liver damage; sudden death in heavy acute infections,Veterinary flukicides selected for the parasite stage and local resistance pattern; supportive care for severe anaemia,Drain or fence high-risk wet areas where feasible; strategic treatment; manage snail habitats and grazing; quarantine treatment of introductions,"Yes, foodborne",48,391,23,29,125,Annex p.58,"Clinical summaries: WOAH Animal Diseases portal: https://www.woah.org/en/what-we-do/animal-health-and-welfare/animal-diseases/; MSD Veterinary Manual: https://www.msdvetmanual.com/. Historical figures are transcribed from the SADC annex as printed. Blank numeric fields represent a dash in the source, which does not distinguish zero from not reported. Treatment is a general control summary, not a prescription; veterinary and national animal-health guidance takes precedence.",Buffalo; Eland; Kudu; Lechwe,"Buffalo: 61,105 (2012 countrywide estimate); Eland: 34,735 (2012 countrywide estimate); Kudu: 23,038 (2012 countrywide estimate); Lechwe: 26,322 (2012 countrywide estimate)","Statistics Botswana, Environment Statistics: Wildlife Digest 2014, species list and Table 1.2a (pp.10-11); white rhino context from Table 2.1 (pp.32-33). Context only: the digest reports wildlife populations, densities, poaching and fish statistics, not disease occurrence, causes, treatment or disease-specific mortality."
30,Dourine,Protozoal; venereal,Trypanosoma equiperdum,"Horses, donkeys and mules","Primarily sexual transmission; unlike most trypanosomoses, no insect vector is required",Genital swelling and discharge; skin plaques; weight loss; progressive neurological weakness,Treatment is unreliable and may leave carriers; official eradication programmes generally require removal of infected equids,Test breeding animals; restrict movement and mating; use disease-free breeding stock; rapid official reporting,No,22,50,3,,,Annex p.58,"Clinical summaries: WOAH Animal Diseases portal: https://www.woah.org/en/what-we-do/animal-health-and-welfare/animal-diseases/; MSD Veterinary Manual: https://www.msdvetmanual.com/. Historical figures are transcribed from the SADC annex as printed. Blank numeric fields represent a dash in the source, which does not distinguish zero from not reported. Treatment is a general control summary, not a prescription; veterinary and national animal-health guidance takes precedence.",,,"No direct wildlife-host context was added for this disease. Statistics Botswana, Environment Statistics: Wildlife Digest 2014, species list and Table 1.2a (pp.10-11); white rhino context from Table 2.1 (pp.32-33). Context only: the digest reports wildlife populations, densities, poaching and fish statistics, not disease occurrence, causes, treatment or disease-specific mortality."
31,East Coast fever,Protozoal; tick-borne,Cattle-derived Theileria parva,Cattle,Rhipicephalus appendiculatus ticks,High fever; enlarged lymph nodes; respiratory distress; pulmonary oedema; high mortality in susceptible cattle,"Early veterinary antitheilerial treatment such as buparvaquone where available, plus supportive care",Integrated tick control; infection-and-treatment vaccination where authorised; quarantine and inspect introduced cattle,No,69,641,177,,20,Annex p.58,"Clinical summaries: WOAH Animal Diseases portal: https://www.woah.org/en/what-we-do/animal-health-and-welfare/animal-diseases/; MSD Veterinary Manual: https://www.msdvetmanual.com/. Historical figures are transcribed from the SADC annex as printed. Blank numeric fields represent a dash in the source, which does not distinguish zero from not reported. Treatment is a general control summary, not a prescription; veterinary and national animal-health guidance takes precedence.",,,"No direct wildlife-host context was added for this disease. Statistics Botswana, Environment Statistics: Wildlife Digest 2014, species list and Table 1.2a (pp.10-11); white rhino context from Table 2.1 (pp.32-33). Context only: the digest reports wildlife populations, densities, poaching and fish statistics, not disease occurrence, causes, treatment or disease-specific mortality."
32,Echinococcosis/hydatidosis,Parasitic; cestode,Echinococcus granulosus sensu lato,Dogs are definitive hosts; livestock and humans are intermediate hosts,Dogs eat infected offal and shed eggs; livestock and people ingest eggs from contaminated environments,Hydatid cysts are usually subclinical in livestock but cause organ condemnation; human disease can be severe,No routine livestock cure; treat dogs with effective cestocides under a control programme,Do not feed raw offal to dogs; regular dog deworming; control stray dogs; meat inspection; safe offal disposal and hand hygiene,Yes,89,527,,41,2097,Annex p.58,"Clinical summaries: WOAH Animal Diseases portal: https://www.woah.org/en/what-we-do/animal-health-and-welfare/animal-diseases/; MSD Veterinary Manual: https://www.msdvetmanual.com/. Historical figures are transcribed from the SADC annex as printed. Blank numeric fields represent a dash in the source, which does not distinguish zero from not reported. Treatment is a general control summary, not a prescription; veterinary and national animal-health guidance takes precedence.",Jackal; Wild dog; Eland; Kudu; Impala; Gemsbok,"Jackal: No 2012 countrywide estimate reported in Table 1.2a; Wild dog: No 2012 countrywide estimate reported in Table 1.2a; Eland: 34,735 (2012 countrywide estimate); Kudu: 23,038 (2012 countrywide estimate); Impala: 114,900 (2012 countrywide estimate); Gemsbok: 133,249 (2012 countrywide estimate)","Statistics Botswana, Environment Statistics: Wildlife Digest 2014, species list and Table 1.2a (pp.10-11); white rhino context from Table 2.1 (pp.32-33). Context only: the digest reports wildlife populations, densities, poaching and fish statistics, not disease occurrence, causes, treatment or disease-specific mortality."
33,Enterotoxaemia,Bacterial toxin; clostridial,Usually Clostridium perfringens type D or C,Sheep and goats; calves and other young livestock can be affected,Rapid diet change or rich feed permits intestinal overgrowth and toxin production,Sudden death; abdominal pain; diarrhoea; nervous signs; rapid decomposition,"Antitoxin, antibiotics and supportive care may help very early cases; severe cases often die quickly",Routine clostridial vaccination with boosters; gradual ration changes; avoid sudden grain overload,No,32,112,92,,,Annex p.58,"Clinical summaries: WOAH Animal Diseases portal: https://www.woah.org/en/what-we-do/animal-health-and-welfare/animal-diseases/; MSD Veterinary Manual: https://www.msdvetmanual.com/. Historical figures are transcribed from the SADC annex as printed. Blank numeric fields represent a dash in the source, which does not distinguish zero from not reported. Treatment is a general control summary, not a prescription; veterinary and national animal-health guidance takes precedence.",,,"No direct wildlife-host context was added for this disease. Statistics Botswana, Environment Statistics: Wildlife Digest 2014, species list and Table 1.2a (pp.10-11); white rhino context from Table 2.1 (pp.32-33). Context only: the digest reports wildlife populations, densities, poaching and fish statistics, not disease occurrence, causes, treatment or disease-specific mortality."
34,Enzootic abortion of ewes,Bacterial,Chlamydia abortus,Sheep and goats; pregnant humans are at particular risk,"Placenta, aborted fetuses and uterine discharge contaminate bedding and pasture",Late-term abortion; stillbirth; weak lambs or kids; placentitis,Veterinary tetracycline treatment may reduce losses but does not reliably eliminate infection,Vaccinate before breeding where available; isolate aborting animals; dispose of fetuses and placenta safely; PPE and strict hygiene,Yes,5,102,77,,,Annex p.58,"Clinical summaries: WOAH Animal Diseases portal: https://www.woah.org/en/what-we-do/animal-health-and-welfare/animal-diseases/; MSD Veterinary Manual: https://www.msdvetmanual.com/. Historical figures are transcribed from the SADC annex as printed. Blank numeric fields represent a dash in the source, which does not distinguish zero from not reported. Treatment is a general control summary, not a prescription; veterinary and national animal-health guidance takes precedence.",,,"No direct wildlife-host context was added for this disease. Statistics Botswana, Environment Statistics: Wildlife Digest 2014, species list and Table 1.2a (pp.10-11); white rhino context from Table 2.1 (pp.32-33). Context only: the digest reports wildlife populations, densities, poaching and fish statistics, not disease occurrence, causes, treatment or disease-specific mortality."
35,Enzootic bovine leukosis,Viral; retroviral,Bovine leukaemia virus,Cattle,"Blood transfer through needles, instruments, biting insects or close management; colostrum and milk can contribute",Most cattle remain asymptomatic; persistent lymphocytosis; a small proportion develop lymphosarcoma,No cure or vaccine; manage or remove infected animals according to herd goals,Test and segregate or cull; single-use needles and gloves; disinfect instruments; manage colostrum and blood exposure,No,3,9,,,,Annex p.58,"Clinical summaries: WOAH Animal Diseases portal: https://www.woah.org/en/what-we-do/animal-health-and-welfare/animal-diseases/; MSD Veterinary Manual: https://www.msdvetmanual.com/. Historical figures are transcribed from the SADC annex as printed. Blank numeric fields represent a dash in the source, which does not distinguish zero from not reported. Treatment is a general control summary, not a prescription; veterinary and national animal-health guidance takes precedence.",,,"No direct wildlife-host context was added for this disease. Statistics Botswana, Environment Statistics: Wildlife Digest 2014, species list and Table 1.2a (pp.10-11); white rhino context from Table 2.1 (pp.32-33). Context only: the digest reports wildlife populations, densities, poaching and fish statistics, not disease occurrence, causes, treatment or disease-specific mortality."
36,Equine encephalomyelitis,Viral; mosquito-borne,"Eastern, Western or Venezuelan equine encephalitis viruses",Equids; humans can be infected through mosquitoes,Mosquito vectors maintain cycles with wild birds or rodents; equids are usually dead-end hosts except in some VEE cycles,Fever; depression; incoordination; seizures; recumbency; high mortality,No specific antiviral cure; intensive supportive and anti-inflammatory care,Routine equine vaccination based on regional risk; mosquito control; reduce exposure at peak biting times,"Yes, vector-borne",1,1,,,,Annex p.58,"Clinical summaries: WOAH Animal Diseases portal: https://www.woah.org/en/what-we-do/animal-health-and-welfare/animal-diseases/; MSD Veterinary Manual: https://www.msdvetmanual.com/. Historical figures are transcribed from the SADC annex as printed. Blank numeric fields represent a dash in the source, which does not distinguish zero from not reported. Treatment is a general control summary, not a prescription; veterinary and national animal-health guidance takes precedence.",Zebra,"Zebra: 99,077 (2012 countrywide estimate)","Statistics Botswana, Environment Statistics: Wildlife Digest 2014, species list and Table 1.2a (pp.10-11); white rhino context from Table 2.1 (pp.32-33). Context only: the digest reports wildlife populations, densities, poaching and fish statistics, not disease occurrence, causes, treatment or disease-specific mortality."
37,Equine piroplasmosis,Protozoal; tick-borne,Theileria equi and Babesia caballi,"Horses, donkeys, mules and zebras",Ticks; contaminated needles or blood products; carrier equids,Fever; anaemia; jaundice; weakness; oedema; reduced performance; possible death,"Veterinary antiprotozoal treatment, commonly imidocarb-based where approved, plus supportive care",Tick control; test animals before movement; sterile needles and equipment; manage carrier animals,No,16,18,,,,Annex p.58,"Clinical summaries: WOAH Animal Diseases portal: https://www.woah.org/en/what-we-do/animal-health-and-welfare/animal-diseases/; MSD Veterinary Manual: https://www.msdvetmanual.com/. Historical figures are transcribed from the SADC annex as printed. Blank numeric fields represent a dash in the source, which does not distinguish zero from not reported. Treatment is a general control summary, not a prescription; veterinary and national animal-health guidance takes precedence.",Zebra,"Zebra: 99,077 (2012 countrywide estimate)","Statistics Botswana, Environment Statistics: Wildlife Digest 2014, species list and Table 1.2a (pp.10-11); white rhino context from Table 2.1 (pp.32-33). Context only: the digest reports wildlife populations, densities, poaching and fish statistics, not disease occurrence, causes, treatment or disease-specific mortality."
38,Equine rhinopneumonitis,Viral,Equine herpesvirus 1 and 4,Horses,Respiratory secretions; direct contact; contaminated equipment; latent carriers can reactivate,"Fever and respiratory disease; EHV-1 can cause abortion, neonatal death and neurological disease",Isolation and supportive care; antivirals may be considered by a veterinarian in selected cases,Vaccination reduces respiratory disease and abortion risk but does not fully prevent neurological disease; biosecurity and temperature monitoring,No,1,1,1,,,Annex p.58,"Clinical summaries: WOAH Animal Diseases portal: https://www.woah.org/en/what-we-do/animal-health-and-welfare/animal-diseases/; MSD Veterinary Manual: https://www.msdvetmanual.com/. Historical figures are transcribed from the SADC annex as printed. Blank numeric fields represent a dash in the source, which does not distinguish zero from not reported. Treatment is a general control summary, not a prescription; veterinary and national animal-health guidance takes precedence.",,,"No direct wildlife-host context was added for this disease. Statistics Botswana, Environment Statistics: Wildlife Digest 2014, species list and Table 1.2a (pp.10-11); white rhino context from Table 2.1 (pp.32-33). Context only: the digest reports wildlife populations, densities, poaching and fish statistics, not disease occurrence, causes, treatment or disease-specific mortality."
39,Foot and mouth disease,Viral,"Foot-and-mouth disease virus, an Aphthovirus; annex entries include untyped, SAT 1 and SAT 2","Cattle, pigs, sheep, goats and other cloven-hoofed animals",Aerosols; direct contact; contaminated vehicles and equipment; animal products; movement of infected animals,Fever; mouth and foot vesicles; salivation; lameness; production loss; high mortality can occur in young animals,"No specific cure; report immediately and follow official movement, culling, vaccination and outbreak-control policy",Biosecurity and movement controls; surveillance; cleaning and disinfection; risk-based vaccination with matching strains under official programmes,No,231,10756,243,40,25,"Annex p.58; Section 5.5, pp.20-22","Clinical summaries: WOAH Animal Diseases portal: https://www.woah.org/en/what-we-do/animal-health-and-welfare/animal-diseases/; MSD Veterinary Manual: https://www.msdvetmanual.com/. Historical figures are transcribed from the SADC annex as printed. Blank numeric fields represent a dash in the source, which does not distinguish zero from not reported. Treatment is a general control summary, not a prescription; veterinary and national animal-health guidance takes precedence. The three annex rows—untyped, SAT 1 and SAT 2—were consolidated by summing their reported figures.",Buffalo; Warthog; Giraffe; Eland; Kudu; Wildebeest; Gemsbok; Impala; Lechwe; Springbok; Hartebeest,"Buffalo: 61,105 (2012 countrywide estimate); Warthog: 7,026 (2012 countrywide estimate); Giraffe: 8,976 (2012 countrywide estimate); Eland: 34,735 (2012 countrywide estimate); Kudu: 23,038 (2012 countrywide estimate); Wildebeest: 53,159 (2012 countrywide estimate); Gemsbok: 133,249 (2012 countrywide estimate); Impala: 114,900 (2012 countrywide estimate); Lechwe: 26,322 (2012 countrywide estimate); Springbok: 35,688 (2012 countrywide estimate); Hartebeest: 62,569 (2012 countrywide estimate)","Statistics Botswana, Environment Statistics: Wildlife Digest 2014, species list and Table 1.2a (pp.10-11); white rhino context from Table 2.1 (pp.32-33). Context only: the digest reports wildlife populations, densities, poaching and fish statistics, not disease occurrence, causes, treatment or disease-specific mortality."
40,Footrot,Bacterial hoof disease,"Primarily Dichelobacter nodosus, often with Fusobacterium necrophorum",Sheep and goats; cattle have a related interdigital disease,Contaminated wet ground and direct flock spread; hoof damage and prolonged moisture increase risk,Lameness; foul odour; interdigital inflammation; separation of hoof horn in severe cases,Hoof assessment; approved footbaths or veterinary antimicrobials; isolate and cull chronic carriers where necessary,Quarantine and inspect replacements; keep standing areas dry; strategic footbathing; select resistant stock,No,103,659,13,,,Annex p.58,"Clinical summaries: WOAH Animal Diseases portal: https://www.woah.org/en/what-we-do/animal-health-and-welfare/animal-diseases/; MSD Veterinary Manual: https://www.msdvetmanual.com/. Historical figures are transcribed from the SADC annex as printed. Blank numeric fields represent a dash in the source, which does not distinguish zero from not reported. Treatment is a general control summary, not a prescription; veterinary and national animal-health guidance takes precedence.",,,"No direct wildlife-host context was added for this disease. Statistics Botswana, Environment Statistics: Wildlife Digest 2014, species list and Table 1.2a (pp.10-11); white rhino context from Table 2.1 (pp.32-33). Context only: the digest reports wildlife populations, densities, poaching and fish statistics, not disease occurrence, causes, treatment or disease-specific mortality."
41,Fowl cholera,Bacterial,Pasteurella multocida,"Chickens, turkeys, ducks and wild birds",Contact with infected birds or carriers; contaminated water; rodents and wild birds,Sudden death or septicaemia; swollen wattles; respiratory signs; chronic joint and ear infections,Early susceptibility-guided veterinary antimicrobials may reduce losses but carriers can persist,Vaccination in endemic flocks; rodent and wild-bird control; sanitation; remove carcasses and chronic carriers,Rare,1,3,,,,Annex p.58,"Clinical summaries: WOAH Animal Diseases portal: https://www.woah.org/en/what-we-do/animal-health-and-welfare/animal-diseases/; MSD Veterinary Manual: https://www.msdvetmanual.com/. Historical figures are transcribed from the SADC annex as printed. Blank numeric fields represent a dash in the source, which does not distinguish zero from not reported. Treatment is a general control summary, not a prescription; veterinary and national animal-health guidance takes precedence.",Ostrich,"Ostrich: 55,916 (2012 countrywide estimate)","Statistics Botswana, Environment Statistics: Wildlife Digest 2014, species list and Table 1.2a (pp.10-11); white rhino context from Table 2.1 (pp.32-33). Context only: the digest reports wildlife populations, densities, poaching and fish statistics, not disease occurrence, causes, treatment or disease-specific mortality."
42,Fowl pox,Viral,Avipoxvirus,"Chickens, turkeys and other birds",Mosquitoes; contact through skin injuries; persistent scabs and contaminated equipment,Dry skin scabs on comb and wattles; wet diphtheritic lesions in mouth or airway; reduced production,No specific antiviral cure; supportive care and treatment of secondary bacterial infection,Vaccination in risk areas; mosquito control; isolate affected birds; disinfect housing and equipment,No,222,5341,2045,2,2,Annex p.58,"Clinical summaries: WOAH Animal Diseases portal: https://www.woah.org/en/what-we-do/animal-health-and-welfare/animal-diseases/; MSD Veterinary Manual: https://www.msdvetmanual.com/. Historical figures are transcribed from the SADC annex as printed. Blank numeric fields represent a dash in the source, which does not distinguish zero from not reported. Treatment is a general control summary, not a prescription; veterinary and national animal-health guidance takes precedence.",Ostrich,"Ostrich: 55,916 (2012 countrywide estimate)","Statistics Botswana, Environment Statistics: Wildlife Digest 2014, species list and Table 1.2a (pp.10-11); white rhino context from Table 2.1 (pp.32-33). Context only: the digest reports wildlife populations, densities, poaching and fish statistics, not disease occurrence, causes, treatment or disease-specific mortality."
43,Fowl typhoid,Bacterial,Salmonella enterica serovar Gallinarum,Chickens and turkeys,Vertical and faecal-oral transmission; carrier birds and contaminated hatcheries,Septicaemia; weakness; greenish diarrhoea; reduced egg production; high mortality,Antimicrobials may suppress disease but can leave carriers; eradication relies on testing and removal,Source disease-free breeder stock; hatchery hygiene; test and cull carriers; vaccination where endemic and authorised,No significant zoonotic risk,,,,,,Annex p.58,"Clinical summaries: WOAH Animal Diseases portal: https://www.woah.org/en/what-we-do/animal-health-and-welfare/animal-diseases/; MSD Veterinary Manual: https://www.msdvetmanual.com/. Historical figures are transcribed from the SADC annex as printed. Blank numeric fields represent a dash in the source, which does not distinguish zero from not reported. Treatment is a general control summary, not a prescription; veterinary and national animal-health guidance takes precedence.",,,"No direct wildlife-host context was added for this disease. Statistics Botswana, Environment Statistics: Wildlife Digest 2014, species list and Table 1.2a (pp.10-11); white rhino context from Table 2.1 (pp.32-33). Context only: the digest reports wildlife populations, densities, poaching and fish statistics, not disease occurrence, causes, treatment or disease-specific mortality."
44,Goat mange,Parasitic; mite infestation,"Sarcoptes, Psoroptes, Chorioptes or Demodex mites",Goats,"Direct contact and contaminated housing, bedding or grooming equipment",Intense itching; crusts; hair loss; thickened skin; poor growth and production,Treat the whole affected group with an approved acaricide; repeat according to the product and mite life cycle; manage secondary infection,Quarantine and inspect new goats; clean housing and equipment; treat contacts; avoid under-dosing,Some mites can cause temporary dermatitis in humans,94,21156,687,5,104,"Annex p.58; Section 7.6, pp.51-52","Clinical summaries: WOAH Animal Diseases portal: https://www.woah.org/en/what-we-do/animal-health-and-welfare/animal-diseases/; MSD Veterinary Manual: https://www.msdvetmanual.com/. Historical figures are transcribed from the SADC annex as printed. Blank numeric fields represent a dash in the source, which does not distinguish zero from not reported. Treatment is a general control summary, not a prescription; veterinary and national animal-health guidance takes precedence.",,,"No direct wildlife-host context was added for this disease. Statistics Botswana, Environment Statistics: Wildlife Digest 2014, species list and Table 1.2a (pp.10-11); white rhino context from Table 2.1 (pp.32-33). Context only: the digest reports wildlife populations, densities, poaching and fish statistics, not disease occurrence, causes, treatment or disease-specific mortality."
45,Haemorrhagic septicaemia,Bacterial,"Pasteurella multocida, commonly serotypes B:2 or E:2",Cattle and buffalo,"Close contact and respiratory spread; outbreaks are favoured by stress, crowding and wet seasons",Sudden high fever; throat and neck swelling; breathing difficulty; rapid death,"Immediate veterinary antibiotics before advanced signs, plus supportive care; isolate cases",Vaccination before the risk season; reduce transport and crowding stress; movement control and early reporting,No,17,72,26,,,Annex p.58,"Clinical summaries: WOAH Animal Diseases portal: https://www.woah.org/en/what-we-do/animal-health-and-welfare/animal-diseases/; MSD Veterinary Manual: https://www.msdvetmanual.com/. Historical figures are transcribed from the SADC annex as printed. Blank numeric fields represent a dash in the source, which does not distinguish zero from not reported. Treatment is a general control summary, not a prescription; veterinary and national animal-health guidance takes precedence.",,,"No direct wildlife-host context was added for this disease. Statistics Botswana, Environment Statistics: Wildlife Digest 2014, species list and Table 1.2a (pp.10-11); white rhino context from Table 2.1 (pp.32-33). Context only: the digest reports wildlife populations, densities, poaching and fish statistics, not disease occurrence, causes, treatment or disease-specific mortality."
46,Heartwater,Bacterial; tick-borne,Ehrlichia ruminantium,"Cattle, sheep, goats and susceptible wild ruminants",Amblyomma ticks; carrier ruminants maintain infection,High fever; nervous signs; respiratory distress; fluid around the heart and lungs; high mortality in susceptible animals,Very early veterinary tetracycline-class treatment and supportive care,Integrated Amblyomma tick control; surveillance; vaccination or infection-and-treatment approaches only where officially used,No,792,2586,923,1,,"Annex p.58; Section 7.7, p.53","Clinical summaries: WOAH Animal Diseases portal: https://www.woah.org/en/what-we-do/animal-health-and-welfare/animal-diseases/; MSD Veterinary Manual: https://www.msdvetmanual.com/. Historical figures are transcribed from the SADC annex as printed. Blank numeric fields represent a dash in the source, which does not distinguish zero from not reported. Treatment is a general control summary, not a prescription; veterinary and national animal-health guidance takes precedence.",Buffalo; Eland; Kudu; Wildebeest; Gemsbok; Impala; Lechwe; Springbok; Hartebeest; Giraffe,"Buffalo: 61,105 (2012 countrywide estimate); Eland: 34,735 (2012 countrywide estimate); Kudu: 23,038 (2012 countrywide estimate); Wildebeest: 53,159 (2012 countrywide estimate); Gemsbok: 133,249 (2012 countrywide estimate); Impala: 114,900 (2012 countrywide estimate); Lechwe: 26,322 (2012 countrywide estimate); Springbok: 35,688 (2012 countrywide estimate); Hartebeest: 62,569 (2012 countrywide estimate); Giraffe: 8,976 (2012 countrywide estimate)","Statistics Botswana, Environment Statistics: Wildlife Digest 2014, species list and Table 1.2a (pp.10-11); white rhino context from Table 2.1 (pp.32-33). Context only: the digest reports wildlife populations, densities, poaching and fish statistics, not disease occurrence, causes, treatment or disease-specific mortality."
47,Highly pathogenic avian influenza,Viral,High-pathogenicity avian influenza A viruses,Domestic poultry and wild birds; some strains can infect mammals and humans,Respiratory secretions and faeces; bird movement; contaminated equipment; contact with wild birds,Sudden high mortality; respiratory and nervous signs; cyanosis; oedema; sharp egg drop,"No flock-level cure; report immediately and follow official depopulation, movement and outbreak-control measures",High biosecurity; separate poultry from wild birds; surveillance; cleaning; movement control; vaccination only under official policy,"Yes, strain-dependent",47,20218,208,18385,,"Annex p.58; Section 5.6, pp.22-23","Clinical summaries: WOAH Animal Diseases portal: https://www.woah.org/en/what-we-do/animal-health-and-welfare/animal-diseases/; MSD Veterinary Manual: https://www.msdvetmanual.com/. Historical figures are transcribed from the SADC annex as printed. Blank numeric fields represent a dash in the source, which does not distinguish zero from not reported. Treatment is a general control summary, not a prescription; veterinary and national animal-health guidance takes precedence.",Ostrich,"Ostrich: 55,916 (2012 countrywide estimate)","Statistics Botswana, Environment Statistics: Wildlife Digest 2014, species list and Table 1.2a (pp.10-11); white rhino context from Table 2.1 (pp.32-33). Context only: the digest reports wildlife populations, densities, poaching and fish statistics, not disease occurrence, causes, treatment or disease-specific mortality."
48,Horse mange,Parasitic; mite infestation,"Sarcoptes, Psoroptes or Chorioptes mites",Horses and other equids,"Direct contact and contaminated tack, brushes, blankets or housing",Severe itching; rubbing; crusting; hair loss; thickened skin,Veterinary-approved acaricide treatment of affected and contact animals; clean the environment and equipment,Quarantine new horses; do not share grooming equipment; routine skin inspection and stable hygiene,Some mites can cause temporary dermatitis in humans,4,7,3,,,Annex p.58,"Clinical summaries: WOAH Animal Diseases portal: https://www.woah.org/en/what-we-do/animal-health-and-welfare/animal-diseases/; MSD Veterinary Manual: https://www.msdvetmanual.com/. Historical figures are transcribed from the SADC annex as printed. Blank numeric fields represent a dash in the source, which does not distinguish zero from not reported. Treatment is a general control summary, not a prescription; veterinary and national animal-health guidance takes precedence.",,,"No direct wildlife-host context was added for this disease. Statistics Botswana, Environment Statistics: Wildlife Digest 2014, species list and Table 1.2a (pp.10-11); white rhino context from Table 2.1 (pp.32-33). Context only: the digest reports wildlife populations, densities, poaching and fish statistics, not disease occurrence, causes, treatment or disease-specific mortality."
49,Infectious bovine rhinotracheitis,Viral,Bovine herpesvirus 1,Cattle,Respiratory and genital secretions; semen; direct contact; latent carriers reactivate under stress,Fever; red inflamed nose; nasal discharge; cough; conjunctivitis; abortion; genital lesions,No specific cure; isolate and provide supportive care; treat confirmed secondary bacterial infection,Vaccination; test and manage carrier cattle; certified semen; quarantine introductions; reduce stress and crowding,No,3,18,,,,Annex p.58,"Clinical summaries: WOAH Animal Diseases portal: https://www.woah.org/en/what-we-do/animal-health-and-welfare/animal-diseases/; MSD Veterinary Manual: https://www.msdvetmanual.com/. Historical figures are transcribed from the SADC annex as printed. Blank numeric fields represent a dash in the source, which does not distinguish zero from not reported. Treatment is a general control summary, not a prescription; veterinary and national animal-health guidance takes precedence.",,,"No direct wildlife-host context was added for this disease. Statistics Botswana, Environment Statistics: Wildlife Digest 2014, species list and Table 1.2a (pp.10-11); white rhino context from Table 2.1 (pp.32-33). Context only: the digest reports wildlife populations, densities, poaching and fish statistics, not disease occurrence, causes, treatment or disease-specific mortality."
50,Infectious bursal disease,Viral,"Infectious bursal disease virus, a birnavirus",Young chickens,Faecal-oral spread; highly persistent virus in poultry houses and equipment,Depression; watery diarrhoea; vent picking; bursal damage; immunosuppression; mortality,"No specific antiviral cure; fluids, warmth and supportive flock management",Vaccination matched to maternal antibodies and local strains; all-in/all-out production; thorough cleaning and downtime,No,73,6219,3296,,,Annex p.58,"Clinical summaries: WOAH Animal Diseases portal: https://www.woah.org/en/what-we-do/animal-health-and-welfare/animal-diseases/; MSD Veterinary Manual: https://www.msdvetmanual.com/. Historical figures are transcribed from the SADC annex as printed. Blank numeric fields represent a dash in the source, which does not distinguish zero from not reported. Treatment is a general control summary, not a prescription; veterinary and national animal-health guidance takes precedence.",,,"No direct wildlife-host context was added for this disease. Statistics Botswana, Environment Statistics: Wildlife Digest 2014, species list and Table 1.2a (pp.10-11); white rhino context from Table 2.1 (pp.32-33). Context only: the digest reports wildlife populations, densities, poaching and fish statistics, not disease occurrence, causes, treatment or disease-specific mortality."
51,Infectious coryza,Bacterial,Avibacterium paragallinarum,Chickens,Respiratory droplets and direct contact; carrier birds introduce infection,Facial swelling; nasal discharge; sneezing; reduced feed intake and egg production,Veterinary antimicrobials may improve signs but do not reliably eliminate carriers,Vaccination in endemic farms; all-in/all-out management; quarantine replacements; good ventilation and biosecurity,No,128,2760,552,,38,Annex p.59,"Clinical summaries: WOAH Animal Diseases portal: https://www.woah.org/en/what-we-do/animal-health-and-welfare/animal-diseases/; MSD Veterinary Manual: https://www.msdvetmanual.com/. Historical figures are transcribed from the SADC annex as printed. Blank numeric fields represent a dash in the source, which does not distinguish zero from not reported. Treatment is a general control summary, not a prescription; veterinary and national animal-health guidance takes precedence.",,,"No direct wildlife-host context was added for this disease. Statistics Botswana, Environment Statistics: Wildlife Digest 2014, species list and Table 1.2a (pp.10-11); white rhino context from Table 2.1 (pp.32-33). Context only: the digest reports wildlife populations, densities, poaching and fish statistics, not disease occurrence, causes, treatment or disease-specific mortality."
52,Listeriosis,Bacterial,Listeria monocytogenes,Ruminants and many other animals; humans,"Poor-quality or spoiled silage; contaminated soil, feed and environments; reproductive fluids",Circling and one-sided facial paralysis; septicaemia; abortion; mastitis,Early high-dose veterinary antibiotics and supportive care; neurological cases need urgent treatment,Make and store silage correctly; discard spoiled feed; clean feed bunks; isolate abortion cases and use PPE,Yes,1,1,,,,Annex p.59,"Clinical summaries: WOAH Animal Diseases portal: https://www.woah.org/en/what-we-do/animal-health-and-welfare/animal-diseases/; MSD Veterinary Manual: https://www.msdvetmanual.com/. Historical figures are transcribed from the SADC annex as printed. Blank numeric fields represent a dash in the source, which does not distinguish zero from not reported. Treatment is a general control summary, not a prescription; veterinary and national animal-health guidance takes precedence.",,,"No direct wildlife-host context was added for this disease. Statistics Botswana, Environment Statistics: Wildlife Digest 2014, species list and Table 1.2a (pp.10-11); white rhino context from Table 2.1 (pp.32-33). Context only: the digest reports wildlife populations, densities, poaching and fish statistics, not disease occurrence, causes, treatment or disease-specific mortality."
53,Lumpy skin disease,Viral; vector-associated,"Lumpy skin disease virus, a Capripoxvirus",Cattle and some wild bovids,Biting insects and ticks; direct contact and contaminated equipment can contribute,Fever; firm skin nodules; enlarged lymph nodes; limb oedema; reduced milk; infertility and hide damage,"No specific antiviral cure; supportive care, wound management and treatment of secondary infection",Vaccination with authorised capripox vaccines; vector control; movement restrictions; rapid reporting and biosecurity,No,948,15717,376,1,67,"Annex p.59; Section 5.7, pp.23-25","Clinical summaries: WOAH Animal Diseases portal: https://www.woah.org/en/what-we-do/animal-health-and-welfare/animal-diseases/; MSD Veterinary Manual: https://www.msdvetmanual.com/. Historical figures are transcribed from the SADC annex as printed. Blank numeric fields represent a dash in the source, which does not distinguish zero from not reported. Treatment is a general control summary, not a prescription; veterinary and national animal-health guidance takes precedence.",Buffalo; Giraffe,"Buffalo: 61,105 (2012 countrywide estimate); Giraffe: 8,976 (2012 countrywide estimate)","Statistics Botswana, Environment Statistics: Wildlife Digest 2014, species list and Table 1.2a (pp.10-11); white rhino context from Table 2.1 (pp.32-33). Context only: the digest reports wildlife populations, densities, poaching and fish statistics, not disease occurrence, causes, treatment or disease-specific mortality."
54,Malignant catarrhal fever,Viral,"Gammaherpesviruses, especially ovine herpesvirus 2 or alcelaphine herpesvirus 1",Cattle and susceptible wild ruminants; sheep or wildebeest are reservoirs,"Exposure to shedding reservoir species, especially around lambing or wildebeest calving",High fever; eye opacity; profuse nasal discharge; mouth erosions; diarrhoea; nervous signs; usually fatal,No effective specific cure; supportive care is rarely successful,Separate susceptible cattle from reservoir species during high-risk periods; avoid shared birthing areas and close confinement,No,23,46,32,6,,Annex p.59,"Clinical summaries: WOAH Animal Diseases portal: https://www.woah.org/en/what-we-do/animal-health-and-welfare/animal-diseases/; MSD Veterinary Manual: https://www.msdvetmanual.com/. Historical figures are transcribed from the SADC annex as printed. Blank numeric fields represent a dash in the source, which does not distinguish zero from not reported. Treatment is a general control summary, not a prescription; veterinary and national animal-health guidance takes precedence.",Wildebeest,"Wildebeest: 53,159 (2012 countrywide estimate)","Statistics Botswana, Environment Statistics: Wildlife Digest 2014, species list and Table 1.2a (pp.10-11); white rhino context from Table 2.1 (pp.32-33). Context only: the digest reports wildlife populations, densities, poaching and fish statistics, not disease occurrence, causes, treatment or disease-specific mortality."
55,Marek's disease,Viral; neoplastic,Gallid alphaherpesvirus 2,Chickens,Inhalation of infectious feather dander; virus persists in poultry-house dust,Paralysis; weight loss; unequal pupils; tumours in nerves and organs; immunosuppression,No treatment for clinically affected birds,Vaccinate chicks in ovo or at hatch before exposure; good hatchery practice; reduce contaminated dust and maintain biosecurity,No,4,16,3,,,Annex p.59,"Clinical summaries: WOAH Animal Diseases portal: https://www.woah.org/en/what-we-do/animal-health-and-welfare/animal-diseases/; MSD Veterinary Manual: https://www.msdvetmanual.com/. Historical figures are transcribed from the SADC annex as printed. Blank numeric fields represent a dash in the source, which does not distinguish zero from not reported. Treatment is a general control summary, not a prescription; veterinary and national animal-health guidance takes precedence.",,,"No direct wildlife-host context was added for this disease. Statistics Botswana, Environment Statistics: Wildlife Digest 2014, species list and Table 1.2a (pp.10-11); white rhino context from Table 2.1 (pp.32-33). Context only: the digest reports wildlife populations, densities, poaching and fish statistics, not disease occurrence, causes, treatment or disease-specific mortality."
56,Mastitis,Multifactorial; commonly bacterial,"Common agents include Staphylococcus, Streptococcus, coliforms and Mycoplasma species","Lactating cattle, sheep and goats","Pathogens enter through the teat canal; milking spread, dirty bedding, teat injury and poor machine function increase risk",Hot painful udder; abnormal milk; reduced yield; fever or shock in severe cases; subclinical high cell counts,Culture-guided intramammary or systemic veterinary treatment when indicated; frequent milking and supportive care for severe cases,Milking hygiene and teat dipping; clean dry bedding; maintain equipment; dry-period plans; segregate or cull chronic contagious cases,Some milk-borne pathogens are zoonotic if milk is unpasteurised,178,268,8,,,Annex p.59,"Clinical summaries: WOAH Animal Diseases portal: https://www.woah.org/en/what-we-do/animal-health-and-welfare/animal-diseases/; MSD Veterinary Manual: https://www.msdvetmanual.com/. Historical figures are transcribed from the SADC annex as printed. Blank numeric fields represent a dash in the source, which does not distinguish zero from not reported. Treatment is a general control summary, not a prescription; veterinary and national animal-health guidance takes precedence. Mastitis is a syndrome with multiple possible causes rather than one single disease agent.",,,"No direct wildlife-host context was added for this disease. Statistics Botswana, Environment Statistics: Wildlife Digest 2014, species list and Table 1.2a (pp.10-11); white rhino context from Table 2.1 (pp.32-33). Context only: the digest reports wildlife populations, densities, poaching and fish statistics, not disease occurrence, causes, treatment or disease-specific mortality."
57,Mucosal disease,Viral,Bovine viral diarrhoea virus in persistently infected cattle,Cattle,Persistently infected animals continuously shed virus; mucosal disease follows viral mutation or superinfection,Severe erosions in mouth and gut; profuse diarrhoea; dehydration; wasting; usually fatal,No cure; affected persistently infected cattle are generally euthanised or culled,Identify and remove persistently infected cattle; test replacements; biosecurity; vaccination according to herd plan,No,7,57,,,,Annex p.59,"Clinical summaries: WOAH Animal Diseases portal: https://www.woah.org/en/what-we-do/animal-health-and-welfare/animal-diseases/; MSD Veterinary Manual: https://www.msdvetmanual.com/. Historical figures are transcribed from the SADC annex as printed. Blank numeric fields represent a dash in the source, which does not distinguish zero from not reported. Treatment is a general control summary, not a prescription; veterinary and national animal-health guidance takes precedence.",,,"No direct wildlife-host context was added for this disease. Statistics Botswana, Environment Statistics: Wildlife Digest 2014, species list and Table 1.2a (pp.10-11); white rhino context from Table 2.1 (pp.32-33). Context only: the digest reports wildlife populations, densities, poaching and fish statistics, not disease occurrence, causes, treatment or disease-specific mortality."
58,Newcastle disease,Viral,Avian orthoavulavirus 1,Poultry and many wild bird species,"Respiratory secretions, faeces, direct contact, contaminated feed, equipment and people",Respiratory distress; green diarrhoea; twisting neck or paralysis; egg drop; sudden high mortality,No specific antiviral cure; report virulent disease and apply official control; supportive care only for mild strains where permitted,Vaccination; strict farm biosecurity; quarantine new birds; clean equipment; control bird and people movement,Rare conjunctivitis in exposed people,205,374183,262921,69305,38360,"Annex p.59; Section 5.8, pp.25-27","Clinical summaries: WOAH Animal Diseases portal: https://www.woah.org/en/what-we-do/animal-health-and-welfare/animal-diseases/; MSD Veterinary Manual: https://www.msdvetmanual.com/. Historical figures are transcribed from the SADC annex as printed. Blank numeric fields represent a dash in the source, which does not distinguish zero from not reported. Treatment is a general control summary, not a prescription; veterinary and national animal-health guidance takes precedence.",Ostrich,"Ostrich: 55,916 (2012 countrywide estimate)","Statistics Botswana, Environment Statistics: Wildlife Digest 2014, species list and Table 1.2a (pp.10-11); white rhino context from Table 2.1 (pp.32-33). Context only: the digest reports wildlife populations, densities, poaching and fish statistics, not disease occurrence, causes, treatment or disease-specific mortality."
59,Old World screwworm,Parasitic; fly myiasis,Chrysomya bezziana larvae,"Livestock, wildlife, companion animals and humans",Adult flies lay eggs in wounds or body openings; larvae invade living tissue,Painful foul-smelling wound; visible larvae; tissue destruction; weakness and secondary infection,Remove larvae completely; debride and clean wounds; approved insecticide; veterinary antibiotics for secondary infection,Inspect animals; promptly treat wounds and navel sites; fly control; quarantine and report new-area detections,Yes,91,279,4,51,,Annex p.59,"Clinical summaries: WOAH Animal Diseases portal: https://www.woah.org/en/what-we-do/animal-health-and-welfare/animal-diseases/; MSD Veterinary Manual: https://www.msdvetmanual.com/. Historical figures are transcribed from the SADC annex as printed. Blank numeric fields represent a dash in the source, which does not distinguish zero from not reported. Treatment is a general control summary, not a prescription; veterinary and national animal-health guidance takes precedence.",,,"No direct wildlife-host context was added for this disease. Statistics Botswana, Environment Statistics: Wildlife Digest 2014, species list and Table 1.2a (pp.10-11); white rhino context from Table 2.1 (pp.32-33). Context only: the digest reports wildlife populations, densities, poaching and fish statistics, not disease occurrence, causes, treatment or disease-specific mortality."
60,Other clostridial infections,Bacterial toxin; clostridial,Clostridium species other than separately listed syndromes,Livestock and other animals,Environmental spores enter wounds or proliferate in tissues or the gut; risk varies by syndrome,Rapid toxemia; muscle swelling; neurological signs; diarrhoea or sudden death depending on the organism,"Urgent syndrome-specific antitoxin, veterinary antibiotics, surgery and supportive care where indicated",Appropriate multivalent vaccination; hygienic procedures; prompt wound care; safe feeding and carcass disposal,Varies by species; generally low,3,3,1,,,Annex p.59,"Clinical summaries: WOAH Animal Diseases portal: https://www.woah.org/en/what-we-do/animal-health-and-welfare/animal-diseases/; MSD Veterinary Manual: https://www.msdvetmanual.com/. Historical figures are transcribed from the SADC annex as printed. Blank numeric fields represent a dash in the source, which does not distinguish zero from not reported. Treatment is a general control summary, not a prescription; veterinary and national animal-health guidance takes precedence. The annex category is non-specific; diagnosis is required before treatment.",,,"No direct wildlife-host context was added for this disease. Statistics Botswana, Environment Statistics: Wildlife Digest 2014, species list and Table 1.2a (pp.10-11); white rhino context from Table 2.1 (pp.32-33). Context only: the digest reports wildlife populations, densities, poaching and fish statistics, not disease occurrence, causes, treatment or disease-specific mortality."
61,Other pasteurellosis,Bacterial syndrome,"Pasteurella, Mannheimia or related bacteria","Cattle, sheep, goats, pigs, poultry and other animals","Opportunistic respiratory spread; crowding, transport, weather stress and viral infection increase risk",Pneumonia; fever; nasal discharge; breathing difficulty; septicaemia in acute cases,Early susceptibility-guided veterinary antibiotics and supportive care,Vaccination where a relevant product exists; ventilation; reduce stress and crowding; quarantine sick animals,Varies by species; generally low,5,14,8,,,Annex p.59,"Clinical summaries: WOAH Animal Diseases portal: https://www.woah.org/en/what-we-do/animal-health-and-welfare/animal-diseases/; MSD Veterinary Manual: https://www.msdvetmanual.com/. Historical figures are transcribed from the SADC annex as printed. Blank numeric fields represent a dash in the source, which does not distinguish zero from not reported. Treatment is a general control summary, not a prescription; veterinary and national animal-health guidance takes precedence. The annex category is non-specific and may include several bacteria and animal species.",,,"No direct wildlife-host context was added for this disease. Statistics Botswana, Environment Statistics: Wildlife Digest 2014, species list and Table 1.2a (pp.10-11); white rhino context from Table 2.1 (pp.32-33). Context only: the digest reports wildlife populations, densities, poaching and fish statistics, not disease occurrence, causes, treatment or disease-specific mortality."
62,Ovine epididymitis,Bacterial,Brucella ovis,"Sheep, especially breeding rams",Venereal and close-contact transmission among rams; infected semen,Epididymal enlargement; poor semen quality; infertility; occasional abortion in ewes,No consistently reliable flock cure; infected breeding rams are usually culled,Test rams before breeding; maintain closed flocks; separate young and adult rams; vaccination where officially used,Not considered an important human pathogen,83,575,46,266,,Annex p.59,"Clinical summaries: WOAH Animal Diseases portal: https://www.woah.org/en/what-we-do/animal-health-and-welfare/animal-diseases/; MSD Veterinary Manual: https://www.msdvetmanual.com/. Historical figures are transcribed from the SADC annex as printed. Blank numeric fields represent a dash in the source, which does not distinguish zero from not reported. Treatment is a general control summary, not a prescription; veterinary and national animal-health guidance takes precedence.",,,"No direct wildlife-host context was added for this disease. Statistics Botswana, Environment Statistics: Wildlife Digest 2014, species list and Table 1.2a (pp.10-11); white rhino context from Table 2.1 (pp.32-33). Context only: the digest reports wildlife populations, densities, poaching and fish statistics, not disease occurrence, causes, treatment or disease-specific mortality."
63,Paratuberculosis,Bacterial,Mycobacterium avium subsp. paratuberculosis,"Cattle, sheep, goats and other ruminants","Young animals ingest organisms in contaminated manure, milk, colostrum, feed or water",Long incubation; chronic weight loss; persistent diarrhoea in cattle; reduced production; fatal wasting,No practical cure; clinically affected animals are culled,Protect newborns from adult manure; clean calving areas; test and manage infected herds; avoid pooled contaminated colostrum,Uncertain; no confirmed major zoonotic role,2,3,2,1,,Annex p.59,"Clinical summaries: WOAH Animal Diseases portal: https://www.woah.org/en/what-we-do/animal-health-and-welfare/animal-diseases/; MSD Veterinary Manual: https://www.msdvetmanual.com/. Historical figures are transcribed from the SADC annex as printed. Blank numeric fields represent a dash in the source, which does not distinguish zero from not reported. Treatment is a general control summary, not a prescription; veterinary and national animal-health guidance takes precedence.",Buffalo; Eland; Kudu; Impala; Wildebeest,"Buffalo: 61,105 (2012 countrywide estimate); Eland: 34,735 (2012 countrywide estimate); Kudu: 23,038 (2012 countrywide estimate); Impala: 114,900 (2012 countrywide estimate); Wildebeest: 53,159 (2012 countrywide estimate)","Statistics Botswana, Environment Statistics: Wildlife Digest 2014, species list and Table 1.2a (pp.10-11); white rhino context from Table 2.1 (pp.32-33). Context only: the digest reports wildlife populations, densities, poaching and fish statistics, not disease occurrence, causes, treatment or disease-specific mortality."
64,Peste des petits ruminants,Viral,"Peste des petits ruminants virus, a morbillivirus",Sheep and goats; goats often show more severe disease,Close contact and aerosols from respiratory and faecal secretions; movement of infected animals,High fever; eye and nose discharge; mouth erosions; diarrhoea; pneumonia; high mortality,"No specific antiviral cure; isolation, fluids, nutrition and treatment of secondary infection",Mass vaccination with approved vaccine; surveillance; movement control; quarantine and rapid reporting,No,73,75053,49838,873,17636,"Annex p.59; Section 5.9, pp.27-29","Clinical summaries: WOAH Animal Diseases portal: https://www.woah.org/en/what-we-do/animal-health-and-welfare/animal-diseases/; MSD Veterinary Manual: https://www.msdvetmanual.com/. Historical figures are transcribed from the SADC annex as printed. Blank numeric fields represent a dash in the source, which does not distinguish zero from not reported. Treatment is a general control summary, not a prescription; veterinary and national animal-health guidance takes precedence.",Gemsbok; Impala; Kudu; Eland; Springbok; Hartebeest; Wildebeest,"Gemsbok: 133,249 (2012 countrywide estimate); Impala: 114,900 (2012 countrywide estimate); Kudu: 23,038 (2012 countrywide estimate); Eland: 34,735 (2012 countrywide estimate); Springbok: 35,688 (2012 countrywide estimate); Hartebeest: 62,569 (2012 countrywide estimate); Wildebeest: 53,159 (2012 countrywide estimate)","Statistics Botswana, Environment Statistics: Wildlife Digest 2014, species list and Table 1.2a (pp.10-11); white rhino context from Table 2.1 (pp.32-33). Context only: the digest reports wildlife populations, densities, poaching and fish statistics, not disease occurrence, causes, treatment or disease-specific mortality."
65,Porcine cysticercosis,Parasitic; cestode larval infection,Taenia solium cysticerci,Pigs are intermediate hosts; humans carry the adult tapeworm and can develop cysticercosis,Pigs ingest eggs from human faecal contamination; free-ranging pigs are at greatest risk,Usually no signs in pigs; cysts in meat cause condemnation and human health risk,Veterinary anthelmintic treatment may be used in control programmes where approved; meat disposition follows inspection rules,Latrines and sanitation; confine pigs; prevent access to human faeces; meat inspection; cook pork; identify and treat human tapeworm carriers,Yes,1,2,,,,Annex p.59,"Clinical summaries: WOAH Animal Diseases portal: https://www.woah.org/en/what-we-do/animal-health-and-welfare/animal-diseases/; MSD Veterinary Manual: https://www.msdvetmanual.com/. Historical figures are transcribed from the SADC annex as printed. Blank numeric fields represent a dash in the source, which does not distinguish zero from not reported. Treatment is a general control summary, not a prescription; veterinary and national animal-health guidance takes precedence.",,,"No direct wildlife-host context was added for this disease. Statistics Botswana, Environment Statistics: Wildlife Digest 2014, species list and Table 1.2a (pp.10-11); white rhino context from Table 2.1 (pp.32-33). Context only: the digest reports wildlife populations, densities, poaching and fish statistics, not disease occurrence, causes, treatment or disease-specific mortality."
66,Pullorum disease,Bacterial,Salmonella enterica serovar Pullorum,"Chickens and turkeys, especially young chicks",Vertical transmission through eggs and faecal-oral spread in hatcheries,White diarrhoea; pasted vents; weakness; poor hatch; high chick mortality; adult carriers,Antimicrobials do not reliably eliminate carrier birds; eradication programmes test and remove infected stock,Use certified pullorum-free breeders; hatchery sanitation; test and cull carriers; strong flock biosecurity,No significant zoonotic risk,1,100,70,,,Annex p.59,"Clinical summaries: WOAH Animal Diseases portal: https://www.woah.org/en/what-we-do/animal-health-and-welfare/animal-diseases/; MSD Veterinary Manual: https://www.msdvetmanual.com/. Historical figures are transcribed from the SADC annex as printed. Blank numeric fields represent a dash in the source, which does not distinguish zero from not reported. Treatment is a general control summary, not a prescription; veterinary and national animal-health guidance takes precedence.",,,"No direct wildlife-host context was added for this disease. Statistics Botswana, Environment Statistics: Wildlife Digest 2014, species list and Table 1.2a (pp.10-11); white rhino context from Table 2.1 (pp.32-33). Context only: the digest reports wildlife populations, densities, poaching and fish statistics, not disease occurrence, causes, treatment or disease-specific mortality."
67,Rabies,Viral; fatal encephalitis,Rabies lyssavirus and related lyssaviruses,"All mammals, including humans; dogs are the main regional maintenance host",Bites or saliva contact with broken skin or mucosa,Behaviour change; aggression or paralysis; excessive salivation; difficulty swallowing; death after neurological signs,"No cure after clinical signs; avoid handling, report immediately and follow quarantine or humane euthanasia rules; exposed people require urgent post-exposure care",Mass dog vaccination; vaccinate livestock at risk; control stray populations; avoid wildlife contact; prompt post-exposure prophylaxis for people,Yes,801,1221,800,194,11,"Annex p.59; Section 5.10, pp.29-31","Clinical summaries: WOAH Animal Diseases portal: https://www.woah.org/en/what-we-do/animal-health-and-welfare/animal-diseases/; MSD Veterinary Manual: https://www.msdvetmanual.com/. Historical figures are transcribed from the SADC annex as printed. Blank numeric fields represent a dash in the source, which does not distinguish zero from not reported. Treatment is a general control summary, not a prescription; veterinary and national animal-health guidance takes precedence.",Jackal; Bat-eared fox; Wild dog; Lion; Spotted Hyaena; Brown Hyaena; Cheetah,Jackal: No 2012 countrywide estimate reported in Table 1.2a; Bat-eared fox: No 2012 countrywide estimate reported in Table 1.2a; Wild dog: No 2012 countrywide estimate reported in Table 1.2a; Lion: No 2012 countrywide estimate reported in Table 1.2a; Spotted Hyaena: No 2012 countrywide estimate reported in Table 1.2a; Brown Hyaena: No 2012 countrywide estimate reported in Table 1.2a; Cheetah: No 2012 countrywide estimate reported in Table 1.2a,"Statistics Botswana, Environment Statistics: Wildlife Digest 2014, species list and Table 1.2a (pp.10-11); white rhino context from Table 2.1 (pp.32-33). Context only: the digest reports wildlife populations, densities, poaching and fish statistics, not disease occurrence, causes, treatment or disease-specific mortality."
68,Rift Valley fever,Viral; mosquito-borne,"Rift Valley fever virus, a phlebovirus","Sheep, goats, cattle, camels and humans","Mosquitoes; humans can also be infected by blood, tissues, aborted material or aerosols",Abortion storms; very high newborn mortality; fever and liver disease; adult animals may be mild,No specific antiviral cure for livestock; supportive care and official outbreak control,Vaccinate livestock before high-risk periods where approved; mosquito control; PPE for birthing and slaughter; movement controls and surveillance,Yes,134,3810,3390,,,"Annex p.59; Section 5.11, pp.31-33","Clinical summaries: WOAH Animal Diseases portal: https://www.woah.org/en/what-we-do/animal-health-and-welfare/animal-diseases/; MSD Veterinary Manual: https://www.msdvetmanual.com/. Historical figures are transcribed from the SADC annex as printed. Blank numeric fields represent a dash in the source, which does not distinguish zero from not reported. Treatment is a general control summary, not a prescription; veterinary and national animal-health guidance takes precedence.",Buffalo; Wildebeest; Eland; Kudu; Impala; Gemsbok; Springbok,"Buffalo: 61,105 (2012 countrywide estimate); Wildebeest: 53,159 (2012 countrywide estimate); Eland: 34,735 (2012 countrywide estimate); Kudu: 23,038 (2012 countrywide estimate); Impala: 114,900 (2012 countrywide estimate); Gemsbok: 133,249 (2012 countrywide estimate); Springbok: 35,688 (2012 countrywide estimate)","Statistics Botswana, Environment Statistics: Wildlife Digest 2014, species list and Table 1.2a (pp.10-11); white rhino context from Table 2.1 (pp.32-33). Context only: the digest reports wildlife populations, densities, poaching and fish statistics, not disease occurrence, causes, treatment or disease-specific mortality."
69,Salmonellosis,Bacterial,Non-host-adapted and host-adapted Salmonella enterica serovars,"Many livestock, poultry, wildlife and humans","Faecal-oral spread through animals, feed, water, rodents, equipment or contaminated animal products",Diarrhoea; fever; septicaemia; abortion; dehydration; carrier state,Fluids and supportive care; veterinary antimicrobials only for severe or systemic disease based on culture and susceptibility,Hygiene; clean feed and water; rodent control; isolate cases; manage manure; vaccination where appropriate; food safety controls,Yes for many serovars,5,151,99,,,Annex p.59,"Clinical summaries: WOAH Animal Diseases portal: https://www.woah.org/en/what-we-do/animal-health-and-welfare/animal-diseases/; MSD Veterinary Manual: https://www.msdvetmanual.com/. Historical figures are transcribed from the SADC annex as printed. Blank numeric fields represent a dash in the source, which does not distinguish zero from not reported. Treatment is a general control summary, not a prescription; veterinary and national animal-health guidance takes precedence. Two separate salmonellosis rows in the annex were consolidated by summing their reported figures.",Ostrich; Crocodile,"Ostrich: 55,916 (2012 countrywide estimate); Crocodile: No 2012 countrywide estimate reported in Table 1.2a","Statistics Botswana, Environment Statistics: Wildlife Digest 2014, species list and Table 1.2a (pp.10-11); white rhino context from Table 2.1 (pp.32-33). Context only: the digest reports wildlife populations, densities, poaching and fish statistics, not disease occurrence, causes, treatment or disease-specific mortality."
70,Scrapie,Prion disease,Abnormal prion protein,Sheep and goats,Exposure around lambing or kidding and contaminated environments; host genetics strongly affect susceptibility,Progressive itching and rubbing; tremors; incoordination; weight loss; always fatal,No treatment,Breed for resistant genotypes where programmes exist; surveillance and removal; control movement; dispose of placenta and carcasses safely,No established human risk,1,,,,,Annex p.59,"Clinical summaries: WOAH Animal Diseases portal: https://www.woah.org/en/what-we-do/animal-health-and-welfare/animal-diseases/; MSD Veterinary Manual: https://www.msdvetmanual.com/. Historical figures are transcribed from the SADC annex as printed. Blank numeric fields represent a dash in the source, which does not distinguish zero from not reported. Treatment is a general control summary, not a prescription; veterinary and national animal-health guidance takes precedence.",,,"No direct wildlife-host context was added for this disease. Statistics Botswana, Environment Statistics: Wildlife Digest 2014, species list and Table 1.2a (pp.10-11); white rhino context from Table 2.1 (pp.32-33). Context only: the digest reports wildlife populations, densities, poaching and fish statistics, not disease occurrence, causes, treatment or disease-specific mortality."
71,Sheep scab (mange),Parasitic; mite infestation,Psoroptes ovis,Sheep,"Direct contact and contaminated fences, transport, wool or equipment",Intense itching; rubbing; wool loss; crusted moist lesions; poor condition,Treat the entire flock and contacts with an approved systemic or topical acaricide; follow resistance and withdrawal guidance,Quarantine and treat incoming sheep; clean transport and equipment; investigate itching promptly,No,117,16685,21,,,Annex p.59,"Clinical summaries: WOAH Animal Diseases portal: https://www.woah.org/en/what-we-do/animal-health-and-welfare/animal-diseases/; MSD Veterinary Manual: https://www.msdvetmanual.com/. Historical figures are transcribed from the SADC annex as printed. Blank numeric fields represent a dash in the source, which does not distinguish zero from not reported. Treatment is a general control summary, not a prescription; veterinary and national animal-health guidance takes precedence.",,,"No direct wildlife-host context was added for this disease. Statistics Botswana, Environment Statistics: Wildlife Digest 2014, species list and Table 1.2a (pp.10-11); white rhino context from Table 2.1 (pp.32-33). Context only: the digest reports wildlife populations, densities, poaching and fish statistics, not disease occurrence, causes, treatment or disease-specific mortality."
72,Strangles,Bacterial,Streptococcus equi subsp. equi,Horses and other equids,"Direct contact with nasal discharge or abscess material; contaminated water, tack and carrier horses",Fever; nasal discharge; painful swollen lymph nodes and abscesses; difficulty swallowing,Isolation and supportive care; drain mature abscesses under veterinary direction; antibiotics are case-specific,Quarantine and temperature-monitor new horses; identify carriers; disinfect equipment; risk-based vaccination,Rare,4,12,3,,,Annex p.59,"Clinical summaries: WOAH Animal Diseases portal: https://www.woah.org/en/what-we-do/animal-health-and-welfare/animal-diseases/; MSD Veterinary Manual: https://www.msdvetmanual.com/. Historical figures are transcribed from the SADC annex as printed. Blank numeric fields represent a dash in the source, which does not distinguish zero from not reported. Treatment is a general control summary, not a prescription; veterinary and national animal-health guidance takes precedence.",,,"No direct wildlife-host context was added for this disease. Statistics Botswana, Environment Statistics: Wildlife Digest 2014, species list and Table 1.2a (pp.10-11); white rhino context from Table 2.1 (pp.32-33). Context only: the digest reports wildlife populations, densities, poaching and fish statistics, not disease occurrence, causes, treatment or disease-specific mortality."
73,Swine erysipelas,Bacterial,Erysipelothrix rhusiopathiae,Pigs; humans can develop occupational erysipeloid,"Carrier pigs; contaminated soil, pens, feed and water; organisms enter through ingestion or skin",Fever; sudden death; raised diamond-shaped skin lesions; arthritis; chronic endocarditis,Early penicillin-class veterinary treatment is usually effective; manage chronic arthritis or endocarditis separately,Routine vaccination; sanitation; all-in/all-out production; reduce stress; safe carcass disposal,Yes,4,10,,7,,Annex p.59,"Clinical summaries: WOAH Animal Diseases portal: https://www.woah.org/en/what-we-do/animal-health-and-welfare/animal-diseases/; MSD Veterinary Manual: https://www.msdvetmanual.com/. Historical figures are transcribed from the SADC annex as printed. Blank numeric fields represent a dash in the source, which does not distinguish zero from not reported. Treatment is a general control summary, not a prescription; veterinary and national animal-health guidance takes precedence.",Warthog,"Warthog: 7,026 (2012 countrywide estimate)","Statistics Botswana, Environment Statistics: Wildlife Digest 2014, species list and Table 1.2a (pp.10-11); white rhino context from Table 2.1 (pp.32-33). Context only: the digest reports wildlife populations, densities, poaching and fish statistics, not disease occurrence, causes, treatment or disease-specific mortality."
74,Theileriosis,Protozoal; tick-borne,Theileria species; the annex entry is not typed,Cattle and other ruminants,Tick vectors; species and vector vary by region,Fever; enlarged lymph nodes; anaemia; jaundice; respiratory distress; production loss or death,Early species-appropriate antitheilerial treatment and supportive care; confirm diagnosis because response varies,Integrated tick control; inspect introductions; vaccination or infection-and-treatment methods where available for the identified species,No,145,6694,1635,,,"Annex p.59; Section 7.4, pp.47-48","Clinical summaries: WOAH Animal Diseases portal: https://www.woah.org/en/what-we-do/animal-health-and-welfare/animal-diseases/; MSD Veterinary Manual: https://www.msdvetmanual.com/. Historical figures are transcribed from the SADC annex as printed. Blank numeric fields represent a dash in the source, which does not distinguish zero from not reported. Treatment is a general control summary, not a prescription; veterinary and national animal-health guidance takes precedence. The annex labels the disease 'Theileriosis Not typed'; East Coast fever and Corridor disease are listed separately.",Buffalo; Eland; Kudu; Wildebeest; Impala,"Buffalo: 61,105 (2012 countrywide estimate); Eland: 34,735 (2012 countrywide estimate); Kudu: 23,038 (2012 countrywide estimate); Wildebeest: 53,159 (2012 countrywide estimate); Impala: 114,900 (2012 countrywide estimate)","Statistics Botswana, Environment Statistics: Wildlife Digest 2014, species list and Table 1.2a (pp.10-11); white rhino context from Table 2.1 (pp.32-33). Context only: the digest reports wildlife populations, densities, poaching and fish statistics, not disease occurrence, causes, treatment or disease-specific mortality."
75,Toxoplasmosis,Protozoal,Toxoplasma gondii,"Sheep, goats, pigs and many warm-blooded animals; humans",Ingestion of oocysts from cat faeces or tissue cysts; transplacental infection,Abortion; stillbirth; weak newborns; characteristic placental lesions in sheep,Treatment of established flock abortion is limited; veterinary therapy may be considered early in selected animals,Keep cats and cat faeces away from feed; control rodents; dispose of placenta; vaccinate sheep where licensed; cook meat thoroughly,Yes,1,1,,,,Annex p.59,"Clinical summaries: WOAH Animal Diseases portal: https://www.woah.org/en/what-we-do/animal-health-and-welfare/animal-diseases/; MSD Veterinary Manual: https://www.msdvetmanual.com/. Historical figures are transcribed from the SADC annex as printed. Blank numeric fields represent a dash in the source, which does not distinguish zero from not reported. Treatment is a general control summary, not a prescription; veterinary and national animal-health guidance takes precedence.",,,"No direct wildlife-host context was added for this disease. Statistics Botswana, Environment Statistics: Wildlife Digest 2014, species list and Table 1.2a (pp.10-11); white rhino context from Table 2.1 (pp.32-33). Context only: the digest reports wildlife populations, densities, poaching and fish statistics, not disease occurrence, causes, treatment or disease-specific mortality."
76,Trichomonosis,Protozoal; venereal,Tritrichomonas foetus,Cattle,Natural breeding by infected carrier bulls,Infertility; repeat breeding; early embryonic death; prolonged calving interval; occasional abortion,No reliable approved curative treatment for cattle; infected bulls are normally culled,Use artificial insemination; test breeding bulls; maintain closed herds; use young virgin bulls; avoid communal bulls,No,39,108,,,,Annex p.60,"Clinical summaries: WOAH Animal Diseases portal: https://www.woah.org/en/what-we-do/animal-health-and-welfare/animal-diseases/; MSD Veterinary Manual: https://www.msdvetmanual.com/. Historical figures are transcribed from the SADC annex as printed. Blank numeric fields represent a dash in the source, which does not distinguish zero from not reported. Treatment is a general control summary, not a prescription; veterinary and national animal-health guidance takes precedence.",,,"No direct wildlife-host context was added for this disease. Statistics Botswana, Environment Statistics: Wildlife Digest 2014, species list and Table 1.2a (pp.10-11); white rhino context from Table 2.1 (pp.32-33). Context only: the digest reports wildlife populations, densities, poaching and fish statistics, not disease occurrence, causes, treatment or disease-specific mortality."
77,Trypanosomosis,Protozoal; vector-borne,"Trypanosoma species, including T. congolense, T. vivax and T. brucei group","Cattle, sheep, goats, horses, pigs, dogs and wildlife; zoonotic risk depends on species",Tsetse flies; other biting flies can transmit some species mechanically,Intermittent fever; anaemia; weight loss; weakness; reduced fertility and production; death if untreated,"Veterinary trypanocidal drugs chosen for species and local resistance, plus supportive care",Tsetse and biting-fly control; surveillance; strategic prophylaxis where appropriate; avoid under-dosing; use trypanotolerant breeds,Species-dependent,117,25624,3907,63,520,"Annex p.60; Section 7.8, pp.54-55","Clinical summaries: WOAH Animal Diseases portal: https://www.woah.org/en/what-we-do/animal-health-and-welfare/animal-diseases/; MSD Veterinary Manual: https://www.msdvetmanual.com/. Historical figures are transcribed from the SADC annex as printed. Blank numeric fields represent a dash in the source, which does not distinguish zero from not reported. Treatment is a general control summary, not a prescription; veterinary and national animal-health guidance takes precedence.",Buffalo; Warthog; Zebra; Giraffe; Eland; Kudu; Wildebeest; Gemsbok; Impala,"Buffalo: 61,105 (2012 countrywide estimate); Warthog: 7,026 (2012 countrywide estimate); Zebra: 99,077 (2012 countrywide estimate); Giraffe: 8,976 (2012 countrywide estimate); Eland: 34,735 (2012 countrywide estimate); Kudu: 23,038 (2012 countrywide estimate); Wildebeest: 53,159 (2012 countrywide estimate); Gemsbok: 133,249 (2012 countrywide estimate); Impala: 114,900 (2012 countrywide estimate)","Statistics Botswana, Environment Statistics: Wildlife Digest 2014, species list and Table 1.2a (pp.10-11); white rhino context from Table 2.1 (pp.32-33). Context only: the digest reports wildlife populations, densities, poaching and fish statistics, not disease occurrence, causes, treatment or disease-specific mortality."
78,Varroosis of honey bees,Parasitic; mite infestation,Varroa destructor,"Western honey bee, Apis mellifera","Mites spread by bee contact, drifting, robbing and movement of infested colonies",Damaged brood; shortened adult lifespan; deformed-wing and other virus amplification; colony weakening or collapse,"Integrated mite control using monitoring, approved acaricides and biotechnical measures; rotate modes of action",Regular mite monitoring; treat at action thresholds; manage brood and drone comb where suitable; quarantine and inspect moved colonies,No,1,1,,1,,Annex p.60,"Clinical summaries: WOAH Animal Diseases portal: https://www.woah.org/en/what-we-do/animal-health-and-welfare/animal-diseases/; MSD Veterinary Manual: https://www.msdvetmanual.com/. Historical figures are transcribed from the SADC annex as printed. Blank numeric fields represent a dash in the source, which does not distinguish zero from not reported. Treatment is a general control summary, not a prescription; veterinary and national animal-health guidance takes precedence.",,,"No direct wildlife-host context was added for this disease. Statistics Botswana, Environment Statistics: Wildlife Digest 2014, species list and Table 1.2a (pp.10-11); white rhino context from Table 2.1 (pp.32-33). Context only: the digest reports wildlife populations, densities, poaching and fish statistics, not disease occurrence, causes, treatment or disease-specific mortality."
